Teams,Player,over,madien,run,wicket,economy,Zeros,Fours,Sixers,wide,no ball,Match id,Team_name
India vs South Africa,Marco Jansen,4,0,49,1,12.25,4,5,2,1,1,T20I no. 2729,South Africa
India vs South Africa,Keshav Maharaj,3,0,23,2,7.66,10,3,1,0,0,T20I no. 2729,South Africa
India vs South Africa,Kagiso Rabada,4,0,36,1,9,8,2,2,2,0,T20I no. 2729,South Africa
India vs South Africa,Aiden Markram,2,0,16,0,8,1,0,1,0,0,T20I no. 2729,South Africa
India vs South Africa,Anrich Nortje,4,0,26,2,6.5,7,2,0,2,0,T20I no. 2729,South Africa
India vs South Africa,Tabraiz Shamsi,3,0,26,0,8.66,4,1,1,1,0,T20I no. 2729,South Africa
India vs South Africa,Arshdeep Singh,4,0,20,2,5,12,2,0,0,0,T20I no. 2729,India
India vs South Africa,Jasprit Bumrah,4,0,18,2,4.5,14,2,0,0,0,T20I no. 2729,India
India vs South Africa,Axar Patel,4,0,49,1,12.25,8,5,3,2,0,T20I no. 2729,India
India vs South Africa,Kuldeep Yadav,4,0,45,0,11.25,6,3,3,0,0,T20I no. 2729,India
India vs South Africa,Hardik Pandya,3,0,20,3,6.66,9,1,1,1,1,T20I no. 2729,India
India vs South Africa,Ravindra Jadeja,1,0,12,0,12,0,0,1,0,0,T20I no. 2729,India
India vs England,Reece Topley,3,0,25,1,8.33,8,3,1,0,0,T20I no. 2724,England
India vs England,Jofra Archer,4,0,33,1,8.25,7,4,0,0,0,T20I no. 2724,England
India vs England,Sam Curran,2,0,25,1,12.5,3,2,2,0,0,T20I no. 2724,England
India vs England,Adil Rashid,4,0,25,1,6.25,9,3,0,0,0,T20I no. 2724,England
India vs England,Chris Jordan,3,0,37,3,12.33,4,0,4,0,0,T20I no. 2724,England
India vs England,Liam Livingstone,4,0,24,0,6,9,1,1,1,0,T20I no. 2724,England
India vs England,Arshdeep Singh,2,0,17,0,8.5,5,3,0,0,0,T20I no. 2724,India
India vs England,Jasprit Bumrah,2.4,0,12,2,4.5,8,1,0,0,0,T20I no. 2724,India
India vs England,Axar Patel,4,0,23,3,5.75,10,0,1,0,0,T20I no. 2724,India
India vs England,Kuldeep Yadav,4,0,19,3,4.75,12,2,0,0,0,T20I no. 2724,India
India vs England,Ravindra Jadeja,3,0,16,0,5.33,6,1,0,0,0,T20I no. 2724,India
India vs England,Hardik Pandya,1,0,14,0,14,1,1,1,0,0,T20I no. 2724,India
Afghanistan vs South Africa,Marco Jansen,3,0,16,3,5.33,13,2,0,4,0,T20I no. 2723,South Africa
Afghanistan vs South Africa,Keshav Maharaj,1,0,6,0,6,3,1,0,0,0,T20I no. 2723,South Africa
Afghanistan vs South Africa,Kagiso Rabada,3,1,14,2,4.66,13,3,0,0,0,T20I no. 2723,South Africa
Afghanistan vs South Africa,Anrich Nortje,3,0,7,2,2.33,14,0,0,1,0,T20I no. 2723,South Africa
Afghanistan vs South Africa,Tabraiz Shamsi,1.5,0,6,3,3.27,9,1,0,1,0,T20I no. 2723,South Africa
Afghanistan vs South Africa,Naveen-ul-Haq,3,0,15,0,5,12,2,0,1,0,T20I no. 2723,Afghanistan
Afghanistan vs South Africa,Fazalhaq Farooqi,2,0,11,1,5.5,9,2,0,1,0,T20I no. 2723,Afghanistan
Afghanistan vs South Africa,Rashid Khan,1,0,8,0,8,2,1,0,0,0,T20I no. 2723,Afghanistan
Afghanistan vs South Africa,Azmatullah Omarzai,1.5,0,18,0,9.81,6,2,1,0,1,T20I no. 2723,Afghanistan
Afghanistan vs South Africa,Gulbadin Naib,1,0,8,0,8,2,1,0,0,0,T20I no. 2723,Afghanistan
Afghanistan vs Bangladesh,Tanzim Hasan Sakib,4,0,36,0,9,9,1,2,1,0,T20I no. 2722,Bangladesh
Afghanistan vs Bangladesh,Taskin Ahmed,4,1,12,1,3,19,0,1,0,0,T20I no. 2722,Bangladesh
Afghanistan vs Bangladesh,Shakib Al Hasan,4,0,19,0,4.75,11,0,1,0,0,T20I no. 2722,Bangladesh
Afghanistan vs Bangladesh,Mustafizur Rahman,4,0,17,1,4.25,14,2,0,0,0,T20I no. 2722,Bangladesh
Afghanistan vs Bangladesh,Rishad Hossain,4,0,26,3,6.5,13,3,0,1,0,T20I no. 2722,Bangladesh
Afghanistan vs Bangladesh,Naveen-ul-Haq,3.5,0,26,4,6.78,12,3,1,0,0,T20I no. 2722,Afghanistan
Afghanistan vs Bangladesh,Fazalhaq Farooqi,2,0,15,1,7.5,3,1,0,2,0,T20I no. 2722,Afghanistan
Afghanistan vs Bangladesh,Mohammad Nabi,2,0,15,0,7.5,5,2,0,0,0,T20I no. 2722,Afghanistan
Afghanistan vs Bangladesh,Rashid Khan,4,0,23,4,5.75,9,2,0,1,0,T20I no. 2722,Afghanistan
Afghanistan vs Bangladesh,Noor Ahmad,4,0,13,0,3.25,18,2,0,0,0,T20I no. 2722,Afghanistan
Afghanistan vs Bangladesh,Gulbadin Naib,2,0,5,1,2.5,7,0,0,0,0,T20I no. 2722,Afghanistan
India vs Australia,Mitchell Starc,4,0,45,2,11.25,12,4,4,1,0,T20I no. 2721,Australia
India vs Australia,Josh Hazlewood,4,0,14,1,3.5,13,1,0,0,0,T20I no. 2721,Australia
India vs Australia,Pat Cummins,4,0,48,0,12,5,4,3,0,0,T20I no. 2721,Australia
India vs Australia,Adam Zampa,4,0,41,0,10.25,2,1,3,0,0,T20I no. 2721,Australia
India vs Australia,Marcus Stoinis,4,0,56,2,14,6,4,5,1,0,T20I no. 2721,Australia
India vs Australia,Arshdeep Singh,4,0,37,3,9.25,12,4,2,2,0,T20I no. 2721,India
India vs Australia,Jasprit Bumrah,4,0,29,1,7.25,11,3,1,0,0,T20I no. 2721,India
India vs Australia,Axar Patel,3,0,21,1,7,9,2,1,0,0,T20I no. 2721,India
India vs Australia,Hardik Pandya,4,0,47,0,11.75,8,4,3,1,0,T20I no. 2721,India
India vs Australia,Kuldeep Yadav,4,0,24,2,6,9,1,1,0,0,T20I no. 2721,India
India vs Australia,Ravindra Jadeja,1,0,17,0,17,0,2,1,0,0,T20I no. 2721,India
West Indies vs South Africa,Marco Jansen,2,0,17,1,8.5,6,2,0,4,0,T20I no. 2720,South Africa
West Indies vs South Africa,Aiden Markram,4,0,28,1,7,11,1,2,2,0,T20I no. 2720,South Africa
West Indies vs South Africa,Keshav Maharaj,4,0,24,1,6,10,1,1,0,0,T20I no. 2720,South Africa
West Indies vs South Africa,Anrich Nortje,4,0,26,0,6.5,13,1,2,2,0,T20I no. 2720,South Africa
West Indies vs South Africa,Tabraiz Shamsi,4,0,27,3,6.75,11,3,1,0,0,T20I no. 2720,South Africa
West Indies vs South Africa,Kagiso Rabada,2,0,11,1,5.5,7,0,1,0,0,T20I no. 2720,South Africa
West Indies vs South Africa,Akeal Hosein,3,0,31,0,10.33,6,6,0,0,0,T20I no. 2720,West Indies
West Indies vs South Africa,Andre Russell,4,0,19,2,4.75,13,2,0,1,0,T20I no. 2720,West Indies
West Indies vs South Africa,Alzarri Joseph,4,0,25,2,6.25,9,1,0,1,0,T20I no. 2720,West Indies
West Indies vs South Africa,Gudakesh Motie,1,0,20,0,20,0,3,1,0,0,T20I no. 2720,West Indies
West Indies vs South Africa,Obed McCoy,1.1,0,15,0,12.85,3,1,1,3,0,T20I no. 2720,West Indies
West Indies vs South Africa,Roston Chase,3,0,12,3,4,10,1,0,0,0,T20I no. 2720,West Indies
U.S.A. vs England,Reece Topley,3,0,29,1,9.66,8,2,2,0,0,T20I no. 2719,England
U.S.A. vs England,Jofra Archer,3,0,16,0,5.33,12,1,1,0,0,T20I no. 2719,England
U.S.A. vs England,Sam Curran,2,0,23,2,11.5,4,3,1,0,0,T20I no. 2719,England
U.S.A. vs England,Adil Rashid,4,0,13,2,3.25,13,0,0,1,0,T20I no. 2719,England
U.S.A. vs England,Liam Livingstone,4,0,24,1,6,10,1,1,0,0,T20I no. 2719,England
U.S.A. vs England,Chris Jordan,2.5,0,10,4,3.52,8,0,0,0,0,T20I no. 2719,England
U.S.A. vs England,Saurabh Netravalkar,2,0,21,0,10.5,5,1,2,0,0,T20I no. 2719,United States of America
U.S.A. vs England,Harmeet Singh,2,0,36,0,18,3,0,5,2,0,T20I no. 2719,United States of America
U.S.A. vs England,Nosthush Kenjige,2,0,19,0,9.5,3,3,0,0,0,T20I no. 2719,United States of America
U.S.A. vs England,Ali Khan,2,0,26,0,13,2,2,0,2,0,T20I no. 2719,United States of America
U.S.A. vs England,Shadley van Schalkwyk,1.4,0,15,0,9,2,2,0,0,1,T20I no. 2719,United States of America
Afghanistan vs Australia,Ashton Agar,4,1,17,0,4.25,15,1,0,0,0,T20I no. 2717,Australia
Afghanistan vs Australia,Josh Hazlewood,4,0,39,0,9.75,10,4,2,1,0,T20I no. 2717,Australia
Afghanistan vs Australia,Pat Cummins,4,0,28,3,7,13,3,1,1,0,T20I no. 2717,Australia
Afghanistan vs Australia,Adam Zampa,4,0,28,2,7,9,2,1,1,0,T20I no. 2717,Australia
Afghanistan vs Australia,Glenn Maxwell,2,0,12,0,6,5,1,0,1,0,T20I no. 2717,Australia
Afghanistan vs Australia,Marcus Stoinis,2,0,19,1,9.5,4,1,1,0,0,T20I no. 2717,Australia
Afghanistan vs Australia,Naveen-ul-Haq,4,0,20,3,5,12,2,0,0,0,T20I no. 2717,Afghanistan
Afghanistan vs Australia,Fazalhaq Farooqi,3,0,21,0,7,8,2,0,0,1,T20I no. 2717,Afghanistan
Afghanistan vs Australia,Azmatullah Omarzai,1.2,0,10,1,7.5,5,2,0,0,0,T20I no. 2717,Afghanistan
Afghanistan vs Australia,Mohammad Nabi,1,0,1,1,1,5,0,0,0,0,T20I no. 2717,Afghanistan
Afghanistan vs Australia,Nangeyalia Kharote,1,0,13,0,13,1,1,1,0,0,T20I no. 2717,Afghanistan
Afghanistan vs Australia,Rashid Khan,4,0,23,1,5.75,11,1,1,2,0,T20I no. 2717,Afghanistan
Afghanistan vs Australia,Noor Ahmad,1,0,11,0,11,3,1,0,1,0,T20I no. 2717,Afghanistan
Afghanistan vs Australia,Gulbadin Naib,4,0,20,4,5,13,1,1,0,0,T20I no. 2717,Afghanistan
India vs Bangladesh,Mahedi Hasan,4,0,28,0,7,9,2,1,0,0,T20I no. 2716,Bangladesh
India vs Bangladesh,Shakib Al Hasan,3,0,37,1,12.33,5,2,3,1,0,T20I no. 2716,Bangladesh
India vs Bangladesh,Tanzim Hasan Sakib,4,0,32,2,8,11,1,3,1,0,T20I no. 2716,Bangladesh
India vs Bangladesh,Mustafizur Rahman,4,0,48,0,12,6,5,2,1,1,T20I no. 2716,Bangladesh
India vs Bangladesh,Rishad Hossain,3,0,43,2,14.33,4,2,4,2,0,T20I no. 2716,Bangladesh
India vs Bangladesh,Mahmudullah,2,0,8,0,4,5,0,0,1,0,T20I no. 2716,Bangladesh
India vs Bangladesh,Arshdeep Singh,4,0,30,2,7.5,12,4,1,1,0,T20I no. 2716,India
India vs Bangladesh,Jasprit Bumrah,4,0,13,2,3.25,15,1,0,0,0,T20I no. 2716,India
India vs Bangladesh,Axar Patel,2,0,26,0,13,2,2,2,0,0,T20I no. 2716,India
India vs Bangladesh,Hardik Pandya,3,0,32,1,10.66,6,1,3,2,0,T20I no. 2716,India
India vs Bangladesh,Ravindra Jadeja,3,0,24,0,8,5,2,1,0,0,T20I no. 2716,India
India vs Bangladesh,Kuldeep Yadav,4,0,19,3,4.75,11,0,1,0,0,T20I no. 2716,India
West Indies vs U.S.A.,Akeal Hosein,3,0,13,0,4.33,8,1,0,0,0,T20I no. 2713,West Indies
West Indies vs U.S.A.,Andre Russell,3.5,0,31,3,8.08,13,3,1,3,0,T20I no. 2713,West Indies
West Indies vs U.S.A.,Obed McCoy,2,0,20,0,10,4,3,0,1,0,T20I no. 2713,West Indies
West Indies vs U.S.A.,Alzarri Joseph,4,0,31,2,7.75,9,1,2,1,1,T20I no. 2713,West Indies
West Indies vs U.S.A.,Gudakesh Motie,3,0,14,1,4.66,9,1,0,0,0,T20I no. 2713,West Indies
West Indies vs U.S.A.,Roston Chase,4,0,19,3,4.75,9,1,0,1,0,T20I no. 2713,West Indies
West Indies vs U.S.A.,Saurabh Netravalkar,2.5,0,31,0,10.94,7,2,3,0,0,T20I no. 2713,United States of America
West Indies vs U.S.A.,Nosthush Kenjige,1,0,11,0,11,1,0,1,0,0,T20I no. 2713,United States of America
West Indies vs U.S.A.,Ali Khan,2,0,18,0,9,5,1,1,2,0,T20I no. 2713,United States of America
West Indies vs U.S.A.,Harmeet Singh,2,0,18,1,9,4,1,1,0,0,T20I no. 2713,United States of America
West Indies vs U.S.A.,Shadley van Schalkwyk,2,0,29,0,14.5,3,3,2,1,0,T20I no. 2713,United States of America
West Indies vs U.S.A.,Milind Kumar,1,0,22,0,22,1,0,3,1,0,T20I no. 2713,United States of America
South Africa vs England,Reece Topley,4,0,23,0,5.75,8,1,0,2,0,T20I no. 2712,England
South Africa vs England,Moeen Ali,3,0,25,1,8.33,6,2,1,0,0,T20I no. 2712,England
South Africa vs England,Jofra Archer,4,0,40,3,10,10,3,3,1,0,T20I no. 2712,England
South Africa vs England,Sam Curran,3,0,29,0,9.66,7,1,2,1,0,T20I no. 2712,England
South Africa vs England,Adil Rashid,4,0,20,1,5,9,1,0,0,0,T20I no. 2712,England
South Africa vs England,Mark Wood,2,0,22,0,11,4,4,0,2,0,T20I no. 2712,England
South Africa vs England,Marco Jansen,4,0,31,0,7.75,9,2,1,0,1,T20I no. 2712,South Africa
South Africa vs England,Kagiso Rabada,4,0,32,2,8,9,3,1,2,0,T20I no. 2712,South Africa
South Africa vs England,Keshav Maharaj,4,0,25,2,6.25,9,2,0,0,0,T20I no. 2712,South Africa
South Africa vs England,Ottneil Baartman,3,0,27,1,9,7,3,1,0,0,T20I no. 2712,South Africa
South Africa vs England,Anrich Nortje,4,0,35,1,8.75,4,4,0,1,0,T20I no. 2712,South Africa
South Africa vs England,Aiden Markram,1,0,4,0,4,2,0,0,0,0,T20I no. 2712,South Africa
Bangladesh vs Australia,Mitchell Starc,4,0,21,1,5.25,15,3,0,2,0,T20I no. 2711,Australia
Bangladesh vs Australia,Josh Hazlewood,4,1,25,0,6.25,12,1,1,1,0,T20I no. 2711,Australia
Bangladesh vs Australia,Pat Cummins,4,0,29,3,7.25,8,1,0,3,0,T20I no. 2711,Australia
Bangladesh vs Australia,Adam Zampa,4,0,24,2,6,10,3,0,0,0,T20I no. 2711,Australia
Bangladesh vs Australia,Marcus Stoinis,2,0,24,1,12,3,1,2,1,0,T20I no. 2711,Australia
Bangladesh vs Australia,Glenn Maxwell,2,0,14,1,7,3,1,0,0,0,T20I no. 2711,Australia
Bangladesh vs Australia,Mahedi Hasan,4,0,22,0,5.5,15,1,2,0,0,T20I no. 2711,Bangladesh
Bangladesh vs Australia,Tanzim Hasan Sakib,1,0,9,0,9,2,1,0,0,0,T20I no. 2711,Bangladesh
Bangladesh vs Australia,Taskin Ahmed,1.2,0,22,0,16.5,2,2,2,0,0,T20I no. 2711,Bangladesh
Bangladesh vs Australia,Mustafizur Rahman,2,0,23,0,11.5,3,3,1,0,0,T20I no. 2711,Bangladesh
Bangladesh vs Australia,Rishad Hossain,3,0,23,2,7.66,7,2,1,0,0,T20I no. 2711,Bangladesh
India vs Afghanistan,Fazalhaq Farooqi,4,0,33,3,8.25,12,4,1,2,0,T20I no. 2710,Afghanistan
India vs Afghanistan,Mohammad Nabi,3,0,24,0,8,7,3,0,0,0,T20I no. 2710,Afghanistan
India vs Afghanistan,Naveen-ul-Haq,4,0,40,1,10,9,3,2,3,0,T20I no. 2710,Afghanistan
India vs Afghanistan,Rashid Khan,4,0,26,3,6.5,13,3,1,0,0,T20I no. 2710,Afghanistan
India vs Afghanistan,Noor Ahmad,3,0,30,0,10,4,1,2,1,0,T20I no. 2710,Afghanistan
India vs Afghanistan,Azmatullah Omarzai,2,0,23,0,11.5,3,2,1,1,0,T20I no. 2710,Afghanistan
India vs Afghanistan,Arshdeep Singh,4,0,36,3,9,12,3,2,5,0,T20I no. 2710,India
India vs Afghanistan,Jasprit Bumrah,4,1,7,3,1.75,20,1,0,0,0,T20I no. 2710,India
India vs Afghanistan,Axar Patel,3,1,15,1,5,11,0,1,0,0,T20I no. 2710,India
India vs Afghanistan,Hardik Pandya,2,0,13,0,6.5,8,1,1,1,0,T20I no. 2710,India
India vs Afghanistan,Kuldeep Yadav,4,0,32,2,8,11,2,2,1,1,T20I no. 2710,India
India vs Afghanistan,Ravindra Jadeja,3,0,20,1,6.66,4,0,1,0,0,T20I no. 2710,India
West Indies vs England,Reece Topley,3,0,26,0,8.66,8,2,1,4,0,T20I no. 2709,England
West Indies vs England,Mark Wood,3,0,36,0,12,7,3,2,4,0,T20I no. 2709,England
West Indies vs England,Jofra Archer,4,0,34,1,8.5,12,5,1,1,0,T20I no. 2709,England
West Indies vs England,Sam Curran,3,0,25,0,8.33,9,3,1,0,0,T20I no. 2709,England
West Indies vs England,Adil Rashid,4,0,21,1,5.25,10,0,1,1,0,T20I no. 2709,England
West Indies vs England,Moeen Ali,2,0,15,1,7.5,3,0,1,0,0,T20I no. 2709,England
West Indies vs England,Liam Livingstone,1,0,20,1,20,2,0,3,0,0,T20I no. 2709,England
West Indies vs England,Akeal Hosein,4,0,35,0,8.75,9,4,1,1,0,T20I no. 2709,West Indies
West Indies vs England,Romario Shepherd,2,0,41,0,20.5,2,5,3,1,0,T20I no. 2709,West Indies
West Indies vs England,Andre Russell,2,0,21,1,10.5,2,0,1,2,0,T20I no. 2709,West Indies
West Indies vs England,Alzarri Joseph,2.3,0,32,0,12.8,2,2,2,0,0,T20I no. 2709,West Indies
West Indies vs England,Gudakesh Motie,4,0,32,0,8,8,4,0,0,0,T20I no. 2709,West Indies
West Indies vs England,Roston Chase,3,0,19,1,6.33,6,1,0,2,0,T20I no. 2709,West Indies
South Africa vs U.S.A.,Saurabh Netravalkar,4,0,21,2,5.25,12,2,0,0,0,T20I no. 2708,United States of America
South Africa vs U.S.A.,Ali Khan,4,0,45,0,11.25,7,1,4,2,0,T20I no. 2708,United States of America
South Africa vs U.S.A.,Jasdeep Singh,2,0,36,0,18,2,2,3,2,1,T20I no. 2708,United States of America
South Africa vs U.S.A.,Nosthush Kenjige,3,0,29,0,9.66,2,2,1,0,0,T20I no. 2708,United States of America
South Africa vs U.S.A.,Harmeet Singh,4,0,24,2,6,8,2,0,0,1,T20I no. 2708,United States of America
South Africa vs U.S.A.,Steven Taylor,2,0,21,0,10.5,3,2,1,0,0,T20I no. 2708,United States of America
South Africa vs U.S.A.,Corey Anderson,1,0,17,0,17,0,2,1,0,0,T20I no. 2708,United States of America
South Africa vs U.S.A.,Marco Jansen,3,0,32,0,10.66,9,3,2,2,0,T20I no. 2708,South Africa
South Africa vs U.S.A.,Aiden Markram,1,0,13,0,13,2,1,1,0,0,T20I no. 2708,South Africa
South Africa vs U.S.A.,Kagiso Rabada,4,0,18,3,4.5,14,2,0,1,1,T20I no. 2708,South Africa
South Africa vs U.S.A.,Keshav Maharaj,4,0,24,1,6,7,0,1,0,0,T20I no. 2708,South Africa
South Africa vs U.S.A.,Anrich Nortje,4,0,37,1,9.25,10,2,3,1,0,T20I no. 2708,South Africa
South Africa vs U.S.A.,Tabraiz Shamsi,4,0,50,1,12.5,5,3,4,2,0,T20I no. 2708,South Africa
West Indies vs Afghanistan,Fazalhaq Farooqi,3,0,38,0,12.66,4,5,1,1,1,T20I no. 2703,Afghanistan
West Indies vs Afghanistan,Azmatullah Omarzai,2,0,41,1,20.5,5,4,3,1,1,T20I no. 2703,Afghanistan
West Indies vs Afghanistan,Rashid Khan,4,0,45,0,11.25,5,3,3,1,0,T20I no. 2703,Afghanistan
West Indies vs Afghanistan,Naveen-ul-Haq,4,0,41,1,10.25,10,4,2,2,0,T20I no. 2703,Afghanistan
West Indies vs Afghanistan,Noor Ahmad,4,0,20,0,5,6,0,0,0,0,T20I no. 2703,Afghanistan
West Indies vs Afghanistan,Mohammad Nabi,1,0,15,0,15,2,0,2,0,0,T20I no. 2703,Afghanistan
West Indies vs Afghanistan,Gulbadin Naib,2,0,14,2,7,4,0,1,0,0,T20I no. 2703,Afghanistan
West Indies vs Afghanistan,Akeal Hosein,4,1,21,2,5.25,14,3,0,1,0,T20I no. 2703,West Indies
West Indies vs Afghanistan,Andre Russell,2.2,0,17,1,7.28,6,1,1,0,0,T20I no. 2703,West Indies
West Indies vs Afghanistan,Alzarri Joseph,3,0,30,1,10,7,4,1,1,0,T20I no. 2703,West Indies
West Indies vs Afghanistan,Gudakesh Motie,4,0,28,2,7,12,1,2,0,0,T20I no. 2703,West Indies
West Indies vs Afghanistan,Obed McCoy,3,0,14,3,4.66,9,1,0,0,0,T20I no. 2703,West Indies
P.N.G. vs New Zealand,Trent Boult,4,0,14,2,3.5,16,2,0,0,0,T20I no. 2702,New Zealand
P.N.G. vs New Zealand,Tim Southee,4,0,11,2,2.75,18,1,0,2,0,T20I no. 2702,New Zealand
P.N.G. vs New Zealand,Lockie Ferguson,4,4,0,3,0,24,0,0,0,0,T20I no. 2702,New Zealand
P.N.G. vs New Zealand,Ish Sodhi,3.4,0,29,2,7.9,9,3,1,1,0,T20I no. 2702,New Zealand
P.N.G. vs New Zealand,Mitchell Santner,4,0,17,1,4.25,14,1,0,1,0,T20I no. 2702,New Zealand
P.N.G. vs New Zealand,Kabua Morea,2.2,0,4,2,1.71,11,0,0,0,0,T20I no. 2702,Papua New Guinea
P.N.G. vs New Zealand,Alei Nao,3,0,22,0,7.33,9,1,2,0,0,T20I no. 2702,Papua New Guinea
P.N.G. vs New Zealand,Assad Vala,1,0,4,0,4,2,0,0,0,0,T20I no. 2702,Papua New Guinea
P.N.G. vs New Zealand,Charles Amini,1,0,5,0,5,1,0,0,0,0,T20I no. 2702,Papua New Guinea
P.N.G. vs New Zealand,Semo Kamea,3,0,23,1,7.66,8,4,0,0,0,T20I no. 2702,Papua New Guinea
P.N.G. vs New Zealand,Chad Soper,1,0,14,0,14,2,1,1,0,0,T20I no. 2702,Papua New Guinea
P.N.G. vs New Zealand,Norman Vanua,1,0,6,0,6,3,1,0,0,0,T20I no. 2702,Papua New Guinea
Sri Lanka vs Netherlands,Vivian Kingma,3,0,23,1,7.66,9,3,0,3,0,T20I no. 2699,Netherlands
Sri Lanka vs Netherlands,Aryan Dutt,3,0,23,1,7.66,5,1,1,1,0,T20I no. 2699,Netherlands
Sri Lanka vs Netherlands,Logan van Beek,4,0,45,2,11.25,8,1,4,2,0,T20I no. 2699,Netherlands
Sri Lanka vs Netherlands,Paul van Meekeren,3,0,37,1,12.33,4,3,2,2,0,T20I no. 2699,Netherlands
Sri Lanka vs Netherlands,Tim Pringle,4,0,41,1,10.25,3,3,2,0,0,T20I no. 2699,Netherlands
Sri Lanka vs Netherlands,Bas de Leede,3,0,32,0,10.66,5,1,2,0,0,T20I no. 2699,Netherlands
Sri Lanka vs Netherlands,Angelo Mathews,2,0,20,0,10,7,0,2,1,1,T20I no. 2699,Sri Lanka
Sri Lanka vs Netherlands,Nuwan Thushara,3.4,0,24,3,6.54,11,2,1,2,0,T20I no. 2699,Sri Lanka
Sri Lanka vs Netherlands,Maheesh Theekshana,3,0,25,1,8.33,7,1,2,1,0,T20I no. 2699,Sri Lanka
Sri Lanka vs Netherlands,Wanindu Hasaranga,4,0,25,2,6.25,10,1,1,0,0,T20I no. 2699,Sri Lanka
Sri Lanka vs Netherlands,Dasun Shanaka,1,0,10,1,10,1,1,0,0,0,T20I no. 2699,Sri Lanka
Sri Lanka vs Netherlands,Matheesha Pathirana,3,0,12,2,4,10,0,0,1,0,T20I no. 2699,Sri Lanka
Bangladesh vs Nepal,Sompal Kami,3,0,10,2,3.33,12,1,0,0,0,T20I no. 2698,Nepal
Bangladesh vs Nepal,Dipendra Singh Airee,3.3,0,22,2,6.28,11,3,0,0,0,T20I no. 2698,Nepal
Bangladesh vs Nepal,Rohit Paudel,4,0,20,2,5,11,2,0,0,0,T20I no. 2698,Nepal
Bangladesh vs Nepal,Sandeep Lamichhane,4,1,17,2,4.25,15,2,0,1,0,T20I no. 2698,Nepal
Bangladesh vs Nepal,Kushal Bhurtel,4,0,22,0,5.5,12,1,1,2,0,T20I no. 2698,Nepal
Bangladesh vs Nepal,Abinash Bohara,1,0,10,0,10,3,1,0,2,0,T20I no. 2698,Nepal
Bangladesh vs Nepal,Tanzim Hasan Sakib,4,2,7,4,1.75,21,1,0,1,0,T20I no. 2698,Bangladesh
Bangladesh vs Nepal,Taskin Ahmed,4,0,29,1,7.25,13,4,1,1,0,T20I no. 2698,Bangladesh
Bangladesh vs Nepal,Mustafizur Rahman,4,1,7,3,1.75,20,1,0,0,0,T20I no. 2698,Bangladesh
Bangladesh vs Nepal,Rishad Hossain,3,0,15,0,5,13,1,0,1,0,T20I no. 2698,Bangladesh
Bangladesh vs Nepal,Shakib Al Hasan,2.2,0,9,2,3.85,7,0,0,0,0,T20I no. 2698,Bangladesh
Bangladesh vs Nepal,Mahmudullah,2,0,15,0,7.5,6,1,1,0,0,T20I no. 2698,Bangladesh
Ireland vs Pakistan,Shaheen Shah Afridi,4,0,22,3,5.5,16,3,0,1,0,T20I no. 2697,Pakistan
Ireland vs Pakistan,Mohammad Amir,4,1,11,2,2.75,20,2,0,0,0,T20I no. 2697,Pakistan
Ireland vs Pakistan,Haris Rauf,4,0,17,1,4.25,16,1,1,0,0,T20I no. 2697,Pakistan
Ireland vs Pakistan,Abbas Afridi,3,0,31,0,10.33,5,1,2,2,0,T20I no. 2697,Pakistan
Ireland vs Pakistan,Shadab Khan,1,0,11,0,11,3,1,1,0,0,T20I no. 2697,Pakistan
Ireland vs Pakistan,Imad Wasim,4,0,8,3,2,17,0,0,0,0,T20I no. 2697,Pakistan
Ireland vs Pakistan,Mark Adair,4,0,24,1,6,14,1,1,1,0,T20I no. 2697,Ireland
Ireland vs Pakistan,Josh Little,3,0,17,0,5.66,11,3,0,0,0,T20I no. 2697,Ireland
Ireland vs Pakistan,Barry McCarthy,4,1,15,3,3.75,15,1,0,1,0,T20I no. 2697,Ireland
Ireland vs Pakistan,Ben White,2,0,11,1,5.5,5,1,0,0,0,T20I no. 2697,Ireland
Ireland vs Pakistan,Curtis Campher,4,0,24,2,6,12,2,1,0,0,T20I no. 2697,Ireland
Ireland vs Pakistan,Gareth Delany,1.5,0,19,0,10.36,3,0,2,1,0,T20I no. 2697,Ireland
Scotland vs Australia,Ashton Agar,4,0,39,1,9.75,6,0,3,1,0,T20I no. 2689,Australia
Scotland vs Australia,Mitchell Starc,4,0,31,0,7.75,10,1,2,1,0,T20I no. 2689,Australia
Scotland vs Australia,Nathan Ellis,4,0,34,1,8.5,7,2,1,3,0,T20I no. 2689,Australia
Scotland vs Australia,Glenn Maxwell,4,0,44,2,11,8,2,4,1,0,T20I no. 2689,Australia
Scotland vs Australia,Adam Zampa,4,0,30,1,7.5,8,1,2,0,0,T20I no. 2689,Australia
Scotland vs Australia,Michael Leask,4,0,39,0,9.75,8,2,3,0,0,T20I no. 2689,Scotland
Scotland vs Australia,Brad Wheal,3.4,1,28,1,7.63,12,4,1,0,0,T20I no. 2689,Scotland
Scotland vs Australia,Mark Watt,4,0,34,2,8.5,10,6,0,1,0,T20I no. 2689,Scotland
Scotland vs Australia,Chris Sole,3,0,33,0,11,4,3,1,1,0,T20I no. 2689,Scotland
Scotland vs Australia,Safyaan Sharif,4,0,42,2,10.5,8,2,3,3,0,T20I no. 2689,Scotland
Scotland vs Australia,Chris Greaves,1,0,4,0,4,2,0,0,0,0,T20I no. 2689,Scotland
England vs Namibia,David Wiese,2,0,6,1,3,9,1,0,0,0,T20I no. 2688,Namibia
England vs Namibia,Ruben Trumpelmann,2,0,31,2,15.5,3,2,3,1,0,T20I no. 2688,Namibia
England vs Namibia,Bernard Scholtz,2,0,24,1,12,4,1,2,0,0,T20I no. 2688,Namibia
England vs Namibia,Gerhard Erasmus,2,0,26,0,13,2,2,1,0,0,T20I no. 2688,Namibia
England vs Namibia,Jack Brassell,2,0,32,0,16,2,3,2,0,0,T20I no. 2688,Namibia
England vs Namibia,Reece Topley,2,0,6,0,3,8,0,0,0,1,T20I no. 2688,England
England vs Namibia,Jofra Archer,2,0,15,1,7.5,7,1,1,1,0,T20I no. 2688,England
England vs Namibia,Sam Curran,2,0,13,0,6.5,5,2,0,0,0,T20I no. 2688,England
England vs Namibia,Chris Jordan,2,0,19,1,9.5,4,0,2,0,0,T20I no. 2688,England
England vs Namibia,Adil Rashid,2,0,29,0,14.5,3,1,3,1,0,T20I no. 2688,England
Uganda vs New Zealand,Trent Boult,4,1,7,2,1.75,20,1,0,0,0,T20I no. 2682,New Zealand
Uganda vs New Zealand,Tim Southee,4,1,4,3,1,20,0,0,0,0,T20I no. 2682,New Zealand
Uganda vs New Zealand,Mitchell Santner,3.4,0,8,2,2.18,17,0,0,3,0,T20I no. 2682,New Zealand
Uganda vs New Zealand,Lockie Ferguson,4,0,9,1,2.25,20,1,0,2,0,T20I no. 2682,New Zealand
Uganda vs New Zealand,Rachin Ravindra,3,1,9,2,3,12,1,0,0,0,T20I no. 2682,New Zealand
Uganda vs New Zealand,Cosmas Kyewuta,2,0,13,0,6.5,6,1,0,2,1,T20I no. 2682,Uganda
Uganda vs New Zealand,Juma Miyagi,2.2,0,16,0,6.85,7,3,0,0,0,T20I no. 2682,Uganda
Uganda vs New Zealand,Riazat Ali Shah,1,0,10,1,10,3,1,0,4,0,T20I no. 2682,Uganda
South Africa vs Nepal,Sompal Kami,2,1,6,0,3,10,1,0,1,0,T20I no. 2681,Nepal
South Africa vs Nepal,Dipendra Singh Airee,4,0,21,3,5.25,9,1,0,1,0,T20I no. 2681,Nepal
South Africa vs Nepal,Karan KC,1,0,9,0,9,3,2,0,0,0,T20I no. 2681,Nepal
South Africa vs Nepal,Kushal Malla,2,0,17,0,8.5,6,2,1,0,0,T20I no. 2681,Nepal
South Africa vs Nepal,Sandeep Lamichhane,4,0,18,0,4.5,11,1,0,0,0,T20I no. 2681,Nepal
South Africa vs Nepal,Kushal Bhurtel,4,0,19,4,4.75,12,0,1,1,0,T20I no. 2681,Nepal
South Africa vs Nepal,Abinash Bohara,3,0,19,0,6.33,8,3,0,0,0,T20I no. 2681,Nepal
South Africa vs Nepal,Marco Jansen,4,0,16,0,4,16,1,1,0,0,T20I no. 2681,South Africa
South Africa vs Nepal,Kagiso Rabada,2,0,17,0,8.5,6,2,1,0,0,T20I no. 2681,South Africa
South Africa vs Nepal,Ottneil Baartman,4,0,20,0,5,15,3,0,0,0,T20I no. 2681,South Africa
South Africa vs Nepal,Anrich Nortje,4,0,27,1,6.75,15,3,1,3,0,T20I no. 2681,South Africa
South Africa vs Nepal,Tabraiz Shamsi,4,0,19,4,4.75,12,0,1,1,0,T20I no. 2681,South Africa
South Africa vs Nepal,Aiden Markram,2,0,8,1,4,4,0,0,0,0,T20I no. 2681,South Africa
P.N.G. vs Afghanistan,Fazalhaq Farooqi,4,0,16,3,4,17,1,0,1,0,T20I no. 2679,Afghanistan
P.N.G. vs Afghanistan,Mohammad Nabi,1,0,9,0,9,1,1,0,0,0,T20I no. 2679,Afghanistan
P.N.G. vs Afghanistan,Naveen-ul-Haq,2.5,0,4,2,1.41,14,0,0,1,0,T20I no. 2679,Afghanistan
P.N.G. vs Afghanistan,Rashid Khan,4,0,25,0,6.25,10,1,0,1,0,T20I no. 2679,Afghanistan
P.N.G. vs Afghanistan,Noor Ahmad,4,0,14,1,3.5,15,1,0,1,0,T20I no. 2679,Afghanistan
P.N.G. vs Afghanistan,Azmatullah Omarzai,2,1,5,0,2.5,10,1,0,0,0,T20I no. 2679,Afghanistan
P.N.G. vs Afghanistan,Karim Janat,2,0,10,0,5,7,1,0,1,0,T20I no. 2679,Afghanistan
P.N.G. vs Afghanistan,Alei Nao,4,0,26,1,6.5,14,0,2,3,0,T20I no. 2679,Papua New Guinea
P.N.G. vs Afghanistan,Semo Kamea,3,0,16,1,5.33,10,2,0,2,0,T20I no. 2679,Papua New Guinea
P.N.G. vs Afghanistan,Chad Soper,2.1,0,19,0,8.76,5,1,1,0,0,T20I no. 2679,Papua New Guinea
P.N.G. vs Afghanistan,Norman Vanua,3,0,18,1,6,7,2,0,0,0,T20I no. 2679,Papua New Guinea
P.N.G. vs Afghanistan,John Kariko,3,0,15,0,5,9,2,0,0,0,T20I no. 2679,Papua New Guinea
Oman vs England,Reece Topley,3,0,12,0,4,11,0,1,0,0,T20I no. 2678,England
Oman vs England,Jofra Archer,3.2,1,12,3,3.6,15,2,0,1,0,T20I no. 2678,England
Oman vs England,Mark Wood,3,0,12,3,4,10,1,0,0,0,T20I no. 2678,England
Oman vs England,Adil Rashid,4,0,11,4,2.75,20,1,0,3,0,T20I no. 2678,England
Oman vs England,Bilal Khan,2,0,36,1,18,3,4,3,0,0,T20I no. 2678,Oman
Oman vs England,Kaleemullah,1,0,10,1,10,4,2,0,0,1,T20I no. 2678,Oman
Oman vs England,Fayyaz Butt,0.1,0,4,0,24,0,1,0,0,0,T20I no. 2678,Oman
Bangladesh vs Netherlands,Vivian Kingma,2,0,20,0,10,6,2,1,1,0,T20I no. 2677,Netherlands
Bangladesh vs Netherlands,Aryan Dutt,4,0,17,2,4.25,12,1,0,1,0,T20I no. 2677,Netherlands
Bangladesh vs Netherlands,Paul van Meekeren,4,0,15,2,3.75,13,1,0,0,0,T20I no. 2677,Netherlands
Bangladesh vs Netherlands,Logan van Beek,4,0,43,0,10.75,9,7,1,1,0,T20I no. 2677,Netherlands
Bangladesh vs Netherlands,Bas de Leede,3,0,31,0,10.33,5,5,0,0,0,T20I no. 2677,Netherlands
Bangladesh vs Netherlands,Tim Pringle,3,0,26,1,8.66,6,3,1,0,0,T20I no. 2677,Netherlands
Bangladesh vs Netherlands,Mustafizur Rahman,4,0,12,1,3,17,1,0,1,0,T20I no. 2677,Bangladesh
Bangladesh vs Netherlands,Tanzim Hasan Sakib,3,0,23,1,7.66,9,4,0,0,0,T20I no. 2677,Bangladesh
Bangladesh vs Netherlands,Taskin Ahmed,4,0,30,2,7.5,13,3,2,0,0,T20I no. 2677,Bangladesh
Bangladesh vs Netherlands,Shakib Al Hasan,4,0,29,0,7.25,10,1,2,0,0,T20I no. 2677,Bangladesh
Bangladesh vs Netherlands,Rishad Hossain,4,0,33,3,8.25,11,2,2,0,0,T20I no. 2677,Bangladesh
Bangladesh vs Netherlands,Mahmudullah,1,0,6,1,6,3,1,0,0,0,T20I no. 2677,Bangladesh
West Indies vs New Zealand,Trent Boult,4,1,16,3,4,15,2,0,0,0,T20I no. 2672,New Zealand
West Indies vs New Zealand,Tim Southee,4,0,21,2,5.25,14,2,1,0,0,T20I no. 2672,New Zealand
West Indies vs New Zealand,Lockie Ferguson,4,0,27,2,6.75,11,2,1,2,0,T20I no. 2672,New Zealand
West Indies vs New Zealand,James Neesham,4,0,27,1,6.75,9,0,2,1,0,T20I no. 2672,New Zealand
West Indies vs New Zealand,Glenn Phillips,1,0,9,0,9,2,0,1,0,0,T20I no. 2672,New Zealand
West Indies vs New Zealand,Mitchell Santner,2,0,27,1,13.5,4,2,2,0,0,T20I no. 2672,New Zealand
West Indies vs New Zealand,Daryl Mitchell,1,0,19,0,19,2,0,3,0,0,T20I no. 2672,New Zealand
West Indies vs New Zealand,Akeal Hosein,4,0,21,1,5.25,11,1,1,0,0,T20I no. 2672,West Indies
West Indies vs New Zealand,Romario Shepherd,3,0,36,0,12,7,1,4,2,0,T20I no. 2672,West Indies
West Indies vs New Zealand,Andre Russell,4,0,30,1,7.5,11,2,2,0,0,T20I no. 2672,West Indies
West Indies vs New Zealand,Alzarri Joseph,4,0,19,4,4.75,13,2,0,0,0,T20I no. 2672,West Indies
West Indies vs New Zealand,Gudakesh Motie,4,0,25,3,6.25,11,1,1,0,0,T20I no. 2672,West Indies
West Indies vs New Zealand,Roston Chase,1,0,4,0,4,3,0,0,1,0,T20I no. 2672,West Indies
U.S.A. vs India,Arshdeep Singh,4,0,9,4,2.25,17,0,0,1,0,T20I no. 2671,India
U.S.A. vs India,Mohammed Siraj,4,0,25,0,6.25,11,1,1,0,0,T20I no. 2671,India
U.S.A. vs India,Jasprit Bumrah,4,0,25,0,6.25,14,1,1,1,0,T20I no. 2671,India
U.S.A. vs India,Hardik Pandya,4,1,14,2,3.5,19,1,1,0,0,T20I no. 2671,India
U.S.A. vs India,Shivam Dube,1,0,11,0,11,3,1,1,0,0,T20I no. 2671,India
U.S.A. vs India,Axar Patel,3,0,25,1,8.33,5,0,2,1,0,T20I no. 2671,India
U.S.A. vs India,Saurabh Netravalkar,4,0,18,2,4.5,13,0,1,0,0,T20I no. 2671,United States of America
U.S.A. vs India,Ali Khan,3.2,0,21,1,6.3,8,2,0,1,0,T20I no. 2671,United States of America
U.S.A. vs India,Jasdeep Singh,4,0,24,0,6,11,1,1,0,1,T20I no. 2671,United States of America
U.S.A. vs India,Shadley van Schalkwyk,4,0,25,0,6.25,8,1,1,0,0,T20I no. 2671,United States of America
U.S.A. vs India,Corey Anderson,3,0,17,0,5.66,8,0,1,1,0,T20I no. 2671,United States of America
Namibia vs Australia,Josh Hazlewood,4,0,18,2,4.5,16,2,0,1,0,T20I no. 2666,Australia
Namibia vs Australia,Marcus Stoinis,3,0,9,2,3,14,1,0,2,0,T20I no. 2666,Australia
Namibia vs Australia,Pat Cummins,3,1,16,1,5.33,11,1,1,0,0,T20I no. 2666,Australia
Namibia vs Australia,Adam Zampa,4,0,12,4,3,17,0,1,0,0,T20I no. 2666,Australia
Namibia vs Australia,Nathan Ellis,3,1,12,1,4,13,2,0,0,0,T20I no. 2666,Australia
Namibia vs Australia,Ruben Trumpelmann,2,0,19,0,9.5,5,4,0,0,0,T20I no. 2666,Namibia
Namibia vs Australia,David Wiese,1,0,15,1,15,3,2,1,1,0,T20I no. 2666,Namibia
Namibia vs Australia,Ben Shikongo,1,0,19,0,19,1,3,1,0,0,T20I no. 2666,Namibia
Namibia vs Australia,Gerhard Erasmus,1,0,6,0,6,5,0,1,0,0,T20I no. 2666,Namibia
Namibia vs Australia,Jack Brassell,0.4,0,14,0,21,1,2,1,0,0,T20I no. 2666,Namibia
Canada vs Pakistan,Shaheen Shah Afridi,4,0,21,1,5.25,16,2,1,1,0,T20I no. 2665,Pakistan
Canada vs Pakistan,Naseem Shah,4,0,24,1,6,13,2,1,1,0,T20I no. 2665,Pakistan
Canada vs Pakistan,Mohammad Amir,4,0,13,2,3.25,17,2,0,0,0,T20I no. 2665,Pakistan
Canada vs Pakistan,Haris Rauf,4,0,26,2,6.5,14,1,1,3,0,T20I no. 2665,Pakistan
Canada vs Pakistan,Imad Wasim,4,0,19,0,4.75,16,0,2,1,0,T20I no. 2665,Pakistan
Canada vs Pakistan,Kaleem Sana,3,0,21,0,7,8,1,0,1,0,T20I no. 2665,Canada
Canada vs Pakistan,Jeremy Gordon,3.3,0,17,1,4.85,11,1,0,1,0,T20I no. 2665,Canada
Canada vs Pakistan,Dilon Heyliger,4,0,18,2,4.5,10,0,0,1,0,T20I no. 2665,Canada
Canada vs Pakistan,Saad Bin Zafar,4,0,23,0,5.75,7,1,0,1,0,T20I no. 2665,Canada
Canada vs Pakistan,Junaid Siddiqui,3,0,28,0,9.33,3,0,2,1,0,T20I no. 2665,Canada
South Africa vs Bangladesh,Tanzim Hasan Sakib,4,0,18,3,4.5,17,1,1,2,0,T20I no. 2664,Bangladesh
South Africa vs Bangladesh,Taskin Ahmed,4,0,19,2,4.75,14,1,1,0,0,T20I no. 2664,Bangladesh
South Africa vs Bangladesh,Mustafizur Rahman,4,0,18,0,4.5,16,1,1,1,0,T20I no. 2664,Bangladesh
South Africa vs Bangladesh,Rishad Hossain,4,0,32,1,8,10,2,2,0,0,T20I no. 2664,Bangladesh
South Africa vs Bangladesh,Shakib Al Hasan,1,0,6,0,6,1,0,0,0,0,T20I no. 2664,Bangladesh
South Africa vs Bangladesh,Mahmudullah,3,0,17,0,5.66,8,0,1,0,0,T20I no. 2664,Bangladesh
South Africa vs Bangladesh,Marco Jansen,4,0,17,0,4.25,17,2,0,2,0,T20I no. 2664,South Africa
South Africa vs Bangladesh,Kagiso Rabada,4,0,19,2,4.75,12,2,0,0,0,T20I no. 2664,South Africa
South Africa vs Bangladesh,Ottneil Baartman,4,0,27,0,6.75,11,2,1,0,0,T20I no. 2664,South Africa
South Africa vs Bangladesh,Keshav Maharaj,4,0,27,3,6.75,12,0,2,2,0,T20I no. 2664,South Africa
South Africa vs Bangladesh,Anrich Nortje,4,0,17,2,4.25,14,1,0,1,1,T20I no. 2664,South Africa
Oman vs Scotland,Mark Watt,4,0,25,1,6.25,8,2,0,2,0,T20I no. 2659,Scotland
Oman vs Scotland,Brad Wheal,4,0,19,1,4.75,12,2,0,0,0,T20I no. 2659,Scotland
Oman vs Scotland,Chris Sole,4,0,41,1,10.25,7,2,3,0,0,T20I no. 2659,Scotland
Oman vs Scotland,Safyaan Sharif,4,0,40,2,10,6,6,0,0,0,T20I no. 2659,Scotland
Oman vs Scotland,Michael Leask,3,0,21,0,7,8,1,1,1,0,T20I no. 2659,Scotland
Oman vs Scotland,Chris Greaves,1,0,2,1,2,4,0,0,0,0,T20I no. 2659,Scotland
Oman vs Scotland,Bilal Khan,2.1,0,12,1,5.53,8,2,0,0,0,T20I no. 2659,Oman
Oman vs Scotland,Shakeel Ahmed,2,0,23,0,11.5,5,2,2,0,0,T20I no. 2659,Oman
Oman vs Scotland,Kaleemullah,2,0,17,0,8.5,6,2,1,0,0,T20I no. 2659,Oman
Oman vs Scotland,Aqib Ilyas,3,0,41,1,13.66,6,4,3,0,0,T20I no. 2659,Oman
Oman vs Scotland,Mehran Khan,1,0,16,1,16,3,1,1,1,0,T20I no. 2659,Oman
Oman vs Scotland,Zeeshan Maqsood,2,0,22,0,11,4,2,1,0,0,T20I no. 2659,Oman
Oman vs Scotland,Ayaan Khan,1,0,20,0,20,1,0,3,0,0,T20I no. 2659,Oman
India vs Pakistan,Shaheen Shah Afridi,4,0,29,1,7.25,14,1,2,1,0,T20I no. 2658,Pakistan
India vs Pakistan,Naseem Shah,4,0,21,3,5.25,15,3,0,1,1,T20I no. 2658,Pakistan
India vs Pakistan,Mohammad Amir,4,0,23,2,5.75,15,3,0,0,0,T20I no. 2658,Pakistan
India vs Pakistan,Iftikhar Ahmed,1,0,7,0,7,3,1,0,1,0,T20I no. 2658,Pakistan
India vs Pakistan,Imad Wasim,3,0,17,0,5.66,6,1,0,1,0,T20I no. 2658,Pakistan
India vs Pakistan,Haris Rauf,3,0,21,3,7,10,4,0,0,0,T20I no. 2658,Pakistan
India vs Pakistan,Arshdeep Singh,4,0,31,1,7.75,11,4,0,1,0,T20I no. 2658,India
India vs Pakistan,Mohammed Siraj,4,0,19,0,4.75,11,1,0,1,1,T20I no. 2658,India
India vs Pakistan,Jasprit Bumrah,4,0,14,3,3.5,15,1,0,0,0,T20I no. 2658,India
India vs Pakistan,Hardik Pandya,4,0,24,2,6,11,1,1,1,0,T20I no. 2658,India
India vs Pakistan,Ravindra Jadeja,2,0,10,0,5,5,1,0,0,0,T20I no. 2658,India
India vs Pakistan,Axar Patel,2,0,11,1,5.5,6,0,1,0,0,T20I no. 2658,India
West Indies vs Uganda,Alpesh Ramjani,3,0,16,1,5.33,11,1,1,0,0,T20I no. 2651,Uganda
West Indies vs Uganda,Cosmas Kyewuta,4,0,42,1,10.5,15,7,1,2,1,T20I no. 2651,Uganda
West Indies vs Uganda,Juma Miyagi,3,0,29,0,9.66,6,3,1,0,1,T20I no. 2651,Uganda
West Indies vs Uganda,Frank Nsubuga,3,0,29,0,9.66,4,1,2,0,1,T20I no. 2651,Uganda
West Indies vs Uganda,Brian Masaba,4,0,31,2,7.75,10,1,2,2,0,T20I no. 2651,Uganda
West Indies vs Uganda,Dinesh Nakrani,3,0,20,1,6.66,5,2,0,0,0,T20I no. 2651,Uganda
West Indies vs Uganda,Akeal Hosein,4,0,11,5,2.75,19,2,0,0,0,T20I no. 2651,West Indies
West Indies vs Uganda,Romario Shepherd,2,0,9,1,4.5,6,1,0,0,0,T20I no. 2651,West Indies
West Indies vs Uganda,Andre Russell,1,0,4,1,4,4,0,0,1,0,T20I no. 2651,West Indies
West Indies vs Uganda,Alzarri Joseph,3,0,6,2,2,14,0,0,1,0,T20I no. 2651,West Indies
West Indies vs Uganda,Gudakesh Motie,2,0,6,1,3,8,0,0,0,0,T20I no. 2651,West Indies
Australia vs England,Moeen Ali,2,0,18,1,9,6,2,1,0,0,T20I no. 2650,England
Australia vs England,Will Jacks,1,0,22,0,22,1,0,3,0,0,T20I no. 2650,England
Australia vs England,Jofra Archer,4,0,28,1,7,11,2,1,1,0,T20I no. 2650,England
Australia vs England,Mark Wood,3,0,32,0,10.66,9,2,3,0,0,T20I no. 2650,England
Australia vs England,Adil Rashid,4,0,41,1,10.25,7,4,2,1,0,T20I no. 2650,England
Australia vs England,Chris Jordan,4,0,44,2,11,6,4,2,4,0,T20I no. 2650,England
Australia vs England,Liam Livingstone,2,0,15,1,7.5,2,0,1,0,0,T20I no. 2650,England
Australia vs England,Mitchell Starc,3,0,37,0,12.33,7,3,3,2,0,T20I no. 2650,Australia
Australia vs England,Josh Hazlewood,4,0,28,1,7,10,4,0,0,0,T20I no. 2650,Australia
Australia vs England,Pat Cummins,4,0,23,2,5.75,10,2,0,1,0,T20I no. 2650,Australia
Australia vs England,Marcus Stoinis,3,0,24,1,8,6,3,0,2,0,T20I no. 2650,Australia
Australia vs England,Adam Zampa,4,0,28,2,7,9,0,2,0,0,T20I no. 2650,Australia
Australia vs England,Glenn Maxwell,2,0,22,0,11,5,0,3,0,0,T20I no. 2650,Australia
Netherlands vs South Africa,Marco Jansen,4,0,20,2,5,15,2,0,1,1,T20I no. 2649,South Africa
Netherlands vs South Africa,Kagiso Rabada,4,0,27,0,6.75,12,2,1,1,0,T20I no. 2649,South Africa
Netherlands vs South Africa,Ottneil Baartman,4,0,11,4,2.75,17,1,0,1,0,T20I no. 2649,South Africa
Netherlands vs South Africa,Anrich Nortje,4,0,19,2,4.75,14,0,1,1,1,T20I no. 2649,South Africa
Netherlands vs South Africa,Keshav Maharaj,4,0,24,0,6,6,1,0,1,0,T20I no. 2649,South Africa
Netherlands vs South Africa,Vivian Kingma,4,1,12,2,3,18,0,0,1,0,T20I no. 2649,Netherlands
Netherlands vs South Africa,Logan van Beek,4,1,21,2,5.25,13,1,1,0,0,T20I no. 2649,Netherlands
Netherlands vs South Africa,Paul van Meekeren,4,1,13,0,3.25,17,1,0,1,0,T20I no. 2649,Netherlands
Netherlands vs South Africa,Bas de Leede,3.5,0,34,1,8.86,12,2,2,0,1,T20I no. 2649,Netherlands
Netherlands vs South Africa,Tim Pringle,2,0,14,0,7,4,0,1,0,0,T20I no. 2649,Netherlands
Netherlands vs South Africa,Vikramjit Singh,1,0,11,0,11,0,0,1,0,0,T20I no. 2649,Netherlands
Sri Lanka vs Bangladesh,Tanzim Hasan Sakib,4,0,24,1,6,14,2,1,0,0,T20I no. 2646,Bangladesh
Sri Lanka vs Bangladesh,Shakib Al Hasan,3,0,30,0,10,5,4,0,0,0,T20I no. 2646,Bangladesh
Sri Lanka vs Bangladesh,Taskin Ahmed,4,0,25,2,6.25,12,3,0,1,0,T20I no. 2646,Bangladesh
Sri Lanka vs Bangladesh,Mustafizur Rahman,4,0,17,3,4.25,14,2,0,1,0,T20I no. 2646,Bangladesh
Sri Lanka vs Bangladesh,Rishad Hossain,4,0,22,3,5.5,10,1,1,0,0,T20I no. 2646,Bangladesh
Sri Lanka vs Bangladesh,Mahmudullah,1,0,4,0,4,2,0,0,0,0,T20I no. 2646,Bangladesh
Sri Lanka vs Bangladesh,Dhananjaya de Silva,2,0,11,1,5.5,3,0,0,1,0,T20I no. 2646,Sri Lanka
Sri Lanka vs Bangladesh,Nuwan Thushara,4,0,18,4,4.5,14,1,0,5,0,T20I no. 2646,Sri Lanka
Sri Lanka vs Bangladesh,Maheesh Theekshana,4,0,25,0,6.25,8,1,0,3,0,T20I no. 2646,Sri Lanka
Sri Lanka vs Bangladesh,Wanindu Hasaranga,4,0,32,2,8,12,0,4,0,0,T20I no. 2646,Sri Lanka
Sri Lanka vs Bangladesh,Matheesha Pathirana,4,0,27,1,6.75,11,1,1,2,0,T20I no. 2646,Sri Lanka
Sri Lanka vs Bangladesh,Dasun Shanaka,1,0,11,0,11,2,0,1,1,0,T20I no. 2646,Sri Lanka
Afghanistan vs New Zealand,Trent Boult,4,0,22,2,5.5,12,1,1,0,0,T20I no. 2645,New Zealand
Afghanistan vs New Zealand,Matt Henry,4,0,37,2,9.25,10,3,2,0,0,T20I no. 2645,New Zealand
Afghanistan vs New Zealand,Mitchell Santner,4,0,24,0,6,11,3,0,0,0,T20I no. 2645,New Zealand
Afghanistan vs New Zealand,Michael Bracewell,3,0,27,0,9,6,0,3,0,0,T20I no. 2645,New Zealand
Afghanistan vs New Zealand,Lockie Ferguson,4,0,28,1,7,12,3,1,0,0,T20I no. 2645,New Zealand
Afghanistan vs New Zealand,Daryl Mitchell,1,0,16,0,16,0,0,2,0,0,T20I no. 2645,New Zealand
Afghanistan vs New Zealand,Fazalhaq Farooqi,3.2,0,17,4,5.1,15,2,0,3,0,T20I no. 2645,Afghanistan
Afghanistan vs New Zealand,Mohammad Nabi,4,0,16,2,4,11,0,0,0,0,T20I no. 2645,Afghanistan
Afghanistan vs New Zealand,Naveen-ul-Haq,3,0,10,0,3.33,12,1,0,0,0,T20I no. 2645,Afghanistan
Afghanistan vs New Zealand,Rashid Khan,4,0,17,4,4.25,16,2,0,2,0,T20I no. 2645,Afghanistan
Afghanistan vs New Zealand,Noor Ahmad,1,0,10,0,10,1,0,1,0,0,T20I no. 2645,Afghanistan
Canada vs Ireland,Mark Adair,4,0,23,1,5.75,10,2,0,1,0,T20I no. 2644,Ireland
Canada vs Ireland,Josh Little,4,0,37,0,9.25,6,4,0,2,0,T20I no. 2644,Ireland
Canada vs Ireland,Craig Young,4,0,32,2,8,13,3,2,1,0,T20I no. 2644,Ireland
Canada vs Ireland,Barry McCarthy,4,0,24,2,6,12,4,0,0,0,T20I no. 2644,Ireland
Canada vs Ireland,Gareth Delany,2,0,10,1,5,5,0,0,0,0,T20I no. 2644,Ireland
Canada vs Ireland,Curtis Campher,2,0,11,0,5.5,4,0,0,1,0,T20I no. 2644,Ireland
Canada vs Ireland,Kaleem Sana,4,0,38,0,9.5,11,4,1,3,0,T20I no. 2644,Canada
Canada vs Ireland,Jeremy Gordon,4,0,16,2,4,14,1,0,1,0,T20I no. 2644,Canada
Canada vs Ireland,Junaid Siddiqui,4,0,27,1,6.75,9,1,1,0,0,T20I no. 2644,Canada
Canada vs Ireland,Saad Bin Zafar,4,0,22,1,5.5,7,0,0,0,0,T20I no. 2644,Canada
Canada vs Ireland,Dilon Heyliger,4,0,18,2,4.5,12,1,0,1,0,T20I no. 2644,Canada
Namibia vs Scotland,Brad Wheal,4,0,33,3,8.25,8,2,1,1,1,T20I no. 2643,Scotland
Namibia vs Scotland,Brad Currie,4,0,16,2,4,12,1,0,0,0,T20I no. 2643,Scotland
Namibia vs Scotland,Chris Sole,3,0,23,1,7.66,7,3,0,1,1,T20I no. 2643,Scotland
Namibia vs Scotland,Mark Watt,4,0,39,0,9.75,8,4,2,0,0,T20I no. 2643,Scotland
Namibia vs Scotland,Chris Greaves,3,0,24,1,8,5,1,1,0,0,T20I no. 2643,Scotland
Namibia vs Scotland,Michael Leask,2,0,16,1,8,4,1,1,0,0,T20I no. 2643,Scotland
Namibia vs Scotland,Ruben Trumpelmann,4,0,36,1,9,9,1,1,4,1,T20I no. 2643,Namibia
Namibia vs Scotland,David Wiese,3.3,0,30,0,8.57,10,1,3,0,0,T20I no. 2643,Namibia
Namibia vs Scotland,Tangeni Lungameni,3,0,39,1,13,4,3,2,1,0,T20I no. 2643,Namibia
Namibia vs Scotland,Bernard Scholtz,4,0,20,1,5,7,1,0,0,0,T20I no. 2643,Namibia
Namibia vs Scotland,Gerhard Erasmus,4,0,29,2,7.25,9,1,1,2,0,T20I no. 2643,Namibia
U.S.A. vs Pakistan,Nosthush Kenjige,4,0,30,3,7.5,10,1,2,0,0,T20I no. 2642,United States of America
U.S.A. vs Pakistan,Saurabh Netravalkar,4,0,18,2,4.5,13,0,1,0,0,T20I no. 2642,United States of America
U.S.A. vs Pakistan,Ali Khan,4,0,30,1,7.5,8,2,1,2,0,T20I no. 2642,United States of America
U.S.A. vs Pakistan,Harmeet Singh,4,0,34,0,8.5,9,2,2,1,0,T20I no. 2642,United States of America
U.S.A. vs Pakistan,Jasdeep Singh,3,0,37,1,12.33,4,2,3,1,0,T20I no. 2642,United States of America
U.S.A. vs Pakistan,Corey Anderson,1,0,6,0,6,3,1,0,0,0,T20I no. 2642,United States of America
U.S.A. vs Pakistan,Shaheen Shah Afridi,4,0,33,0,8.25,13,5,1,2,0,T20I no. 2642,Pakistan
U.S.A. vs Pakistan,Mohammad Amir,4,0,25,1,6.25,12,2,0,3,0,T20I no. 2642,Pakistan
U.S.A. vs Pakistan,Naseem Shah,4,0,26,1,6.5,9,3,0,2,0,T20I no. 2642,Pakistan
U.S.A. vs Pakistan,Haris Rauf,4,0,37,1,9.25,9,4,1,1,0,T20I no. 2642,Pakistan
U.S.A. vs Pakistan,Shadab Khan,3,0,27,0,9,4,0,2,1,0,T20I no. 2642,Pakistan
U.S.A. vs Pakistan,Iftikhar Ahmed,1,0,10,0,10,2,2,0,0,0,T20I no. 2642,Pakistan
Australia vs Oman,Bilal Khan,4,0,36,1,9,9,4,1,1,1,T20I no. 2641,Oman
Australia vs Oman,Kaleemullah,3,0,30,1,10,7,4,1,0,0,T20I no. 2641,Oman
Australia vs Oman,Shakeel Ahmed,4,0,28,0,7,10,2,1,0,1,T20I no. 2641,Oman
Australia vs Oman,Mehran Khan,4,0,38,2,9.5,12,1,4,0,1,T20I no. 2641,Oman
Australia vs Oman,Aqib Ilyas,4,0,18,0,4.5,10,1,0,0,0,T20I no. 2641,Oman
Australia vs Oman,Zeeshan Maqsood,1,0,12,0,12,0,2,0,0,0,T20I no. 2641,Oman
Australia vs Oman,Mitchell Starc,3,0,20,2,6.66,12,3,0,5,0,T20I no. 2641,Australia
Australia vs Oman,Josh Hazlewood,4,0,21,0,5.25,12,1,1,0,0,T20I no. 2641,Australia
Australia vs Oman,Nathan Ellis,4,0,28,2,7,9,2,1,1,0,T20I no. 2641,Australia
Australia vs Oman,Marcus Stoinis,3,0,19,3,6.33,11,1,1,1,0,T20I no. 2641,Australia
Australia vs Oman,Glenn Maxwell,2,0,11,0,5.5,5,1,0,1,0,T20I no. 2641,Australia
Australia vs Oman,Adam Zampa,4,0,24,2,6,11,0,2,0,0,T20I no. 2641,Australia
P.N.G. vs Uganda,Alpesh Ramjani,4,1,17,2,4.25,16,1,1,0,0,T20I no. 2640,Uganda
P.N.G. vs Uganda,Cosmas Kyewuta,3.1,0,17,2,5.36,9,2,0,0,0,T20I no. 2640,Uganda
P.N.G. vs Uganda,Juma Miyagi,4,0,11,2,2.75,16,0,0,0,1,T20I no. 2640,Uganda
P.N.G. vs Uganda,Brian Masaba,4,0,17,1,4.25,11,1,0,0,0,T20I no. 2640,Uganda
P.N.G. vs Uganda,Frank Nsubuga,4,2,4,2,1,20,0,0,0,0,T20I no. 2640,Uganda
P.N.G. vs Uganda,Alei Nao,4,0,16,2,4,16,0,0,3,0,T20I no. 2640,Papua New Guinea
P.N.G. vs Uganda,Norman Vanua,4,0,19,2,4.75,17,1,0,6,0,T20I no. 2640,Papua New Guinea
P.N.G. vs Uganda,Chad Soper,4,0,13,1,3.25,14,0,0,1,0,T20I no. 2640,Papua New Guinea
P.N.G. vs Uganda,Assad Vala,2,0,10,1,5,6,1,0,0,0,T20I no. 2640,Papua New Guinea
P.N.G. vs Uganda,John Kariko,4,0,18,0,4.5,8,0,0,0,0,T20I no. 2640,Papua New Guinea
P.N.G. vs Uganda,Charles Amini,0.2,0,2,0,6,1,0,0,0,0,T20I no. 2640,Papua New Guinea
Ireland vs India,Arshdeep Singh,4,0,35,2,8.75,14,3,1,5,1,T20I no. 2639,India
Ireland vs India,Mohammed Siraj,3,0,13,1,4.33,14,2,0,0,0,T20I no. 2639,India
Ireland vs India,Jasprit Bumrah,3,1,6,2,2,13,0,0,0,0,T20I no. 2639,India
Ireland vs India,Hardik Pandya,4,1,27,3,6.75,14,2,2,0,0,T20I no. 2639,India
Ireland vs India,Axar Patel,1,0,3,1,3,3,0,0,0,0,T20I no. 2639,India
Ireland vs India,Ravindra Jadeja,1,0,7,0,7,2,1,0,0,0,T20I no. 2639,India
Ireland vs India,Mark Adair,4,0,27,1,6.75,13,3,0,3,0,T20I no. 2639,Ireland
Ireland vs India,Josh Little,4,0,42,0,10.5,12,2,4,3,0,T20I no. 2639,Ireland
Ireland vs India,Barry McCarthy,2.2,0,18,0,7.71,5,1,1,0,0,T20I no. 2639,Ireland
Ireland vs India,Curtis Campher,1,0,4,0,4,3,0,0,0,0,T20I no. 2639,Ireland
Ireland vs India,Ben White,1,0,6,1,6,3,1,0,0,0,T20I no. 2639,Ireland
Nepal vs Netherlands,Vivian Kingma,4,0,23,0,5.75,15,4,0,2,0,T20I no. 2638,Netherlands
Nepal vs Netherlands,Tim Pringle,4,0,20,3,5,13,1,1,0,0,T20I no. 2638,Netherlands
Nepal vs Netherlands,Logan van Beek,3.2,0,18,3,5.4,14,2,1,0,0,T20I no. 2638,Netherlands
Nepal vs Netherlands,Paul van Meekeren,4,0,19,2,4.75,12,2,0,1,0,T20I no. 2638,Netherlands
Nepal vs Netherlands,Bas de Leede,4,1,22,2,5.5,12,1,1,1,0,T20I no. 2638,Netherlands
Nepal vs Netherlands,Karan KC,3,0,17,0,5.66,10,3,0,0,0,T20I no. 2638,Nepal
Nepal vs Netherlands,Sompal Kami,4,0,18,1,4.5,12,2,0,0,0,T20I no. 2638,Nepal
Nepal vs Netherlands,Gulsan Jha,2,0,17,0,8.5,2,2,0,0,1,T20I no. 2638,Nepal
Nepal vs Netherlands,Dipendra Singh Airee,2,0,6,1,3,7,0,0,0,0,T20I no. 2638,Nepal
Nepal vs Netherlands,Abinash Bohara,3.4,0,29,1,7.9,5,2,1,0,0,T20I no. 2638,Nepal
Nepal vs Netherlands,Sagar Dhakal,4,0,21,0,5.25,8,1,0,0,0,T20I no. 2638,Nepal
Scotland vs England,Mark Wood,2,0,11,0,5.5,7,1,0,1,1,T20I no. 2637,England
Scotland vs England,Jofra Archer,2,0,12,0,6,6,1,0,0,0,T20I no. 2637,England
Scotland vs England,Moeen Ali,2,0,15,0,7.5,3,2,0,0,0,T20I no. 2637,England
Scotland vs England,Chris Jordan,2,0,24,0,12,5,2,2,0,0,T20I no. 2637,England
Scotland vs England,Adil Rashid,2,0,26,0,13,2,2,2,0,0,T20I no. 2637,England
Afghanistan vs Uganda,Alpesh Ramjani,4,0,33,1,8.25,9,0,2,0,0,T20I no. 2636,Uganda
Afghanistan vs Uganda,Cosmas Kyewuta,4,0,25,2,6.25,9,2,0,0,0,T20I no. 2636,Uganda
Afghanistan vs Uganda,Dinesh Nakrani,3,0,37,0,12.33,2,6,0,0,0,T20I no. 2636,Uganda
Afghanistan vs Uganda,Bilal Hassan,2,0,34,0,17,3,4,1,1,1,T20I no. 2636,Uganda
Afghanistan vs Uganda,Henry Ssenyondo,2,0,19,0,9.5,4,0,2,1,0,T20I no. 2636,Uganda
Afghanistan vs Uganda,Riazat Ali Shah,1,0,11,0,11,1,1,0,0,0,T20I no. 2636,Uganda
Afghanistan vs Uganda,Brian Masaba,4,0,21,2,5.25,8,0,0,0,0,T20I no. 2636,Uganda
Afghanistan vs Uganda,Fazalhaq Farooqi,4,0,9,5,2.25,18,1,0,0,0,T20I no. 2636,Afghanistan
Afghanistan vs Uganda,Mujeeb Ur Rahman,3,0,16,1,5.33,13,2,0,1,0,T20I no. 2636,Afghanistan
Afghanistan vs Uganda,Naveen-ul-Haq,2,0,4,2,2,9,0,0,1,0,T20I no. 2636,Afghanistan
Afghanistan vs Uganda,Azmatullah Omarzai,2,0,7,0,3.5,8,0,0,1,0,T20I no. 2636,Afghanistan
Afghanistan vs Uganda,Rashid Khan,4,0,12,2,3,16,1,0,0,0,T20I no. 2636,Afghanistan
Afghanistan vs Uganda,Mohammad Nabi,1,0,8,0,8,3,0,1,0,0,T20I no. 2636,Afghanistan
Sri Lanka vs South Africa,Marco Jansen,3.1,0,15,0,4.73,11,0,1,1,0,T20I no. 2635,South Africa
Sri Lanka vs South Africa,Kagiso Rabada,4,1,21,2,5.25,15,2,1,1,0,T20I no. 2635,South Africa
Sri Lanka vs South Africa,Ottneil Baartman,4,1,9,1,2.25,20,1,0,1,0,T20I no. 2635,South Africa
Sri Lanka vs South Africa,Keshav Maharaj,4,0,22,2,5.5,10,0,1,0,0,T20I no. 2635,South Africa
Sri Lanka vs South Africa,Anrich Nortje,4,0,7,4,1.75,18,0,0,0,0,T20I no. 2635,South Africa
Sri Lanka vs South Africa,Angelo Mathews,3,0,16,0,5.33,11,1,1,1,0,T20I no. 2635,Sri Lanka
Sri Lanka vs South Africa,Nuwan Thushara,3,0,18,1,6,8,0,1,0,1,T20I no. 2635,Sri Lanka
Sri Lanka vs South Africa,Dasun Shanaka,3,1,6,1,2,12,0,0,0,0,T20I no. 2635,Sri Lanka
Sri Lanka vs South Africa,Matheesha Pathirana,3,0,12,0,4,8,0,0,1,0,T20I no. 2635,Sri Lanka
Sri Lanka vs South Africa,Wanindu Hasaranga,3.2,0,22,2,6.6,10,2,1,0,0,T20I no. 2635,Sri Lanka
Sri Lanka vs South Africa,Maheesh Theekshana,1,0,3,0,3,3,0,0,0,0,T20I no. 2635,Sri Lanka
Oman vs Namibia,Ruben Trumpelmann,4,0,21,4,5.25,12,2,0,0,1,T20I no. 2634,Namibia
Oman vs Namibia,David Wiese,3.4,0,28,3,7.63,11,4,1,0,0,T20I no. 2634,Namibia
Oman vs Namibia,Tangeni Lungameni,4,0,18,0,4.5,14,2,0,1,0,T20I no. 2634,Namibia
Oman vs Namibia,Bernard Scholtz,4,0,20,1,5,11,0,1,1,0,T20I no. 2634,Namibia
Oman vs Namibia,Gerhard Erasmus,4,0,20,2,5,9,1,0,0,0,T20I no. 2634,Namibia
Oman vs Namibia,Bilal Khan,4,0,25,1,6.25,11,2,1,1,0,T20I no. 2634,Oman
Oman vs Namibia,Shakeel Ahmed,3,0,20,0,6.66,10,4,0,0,0,T20I no. 2634,Oman
Oman vs Namibia,Kaleemullah,2,0,10,0,5,7,1,0,0,0,T20I no. 2634,Oman
Oman vs Namibia,Aqib Ilyas,4,1,17,1,4.25,15,1,1,0,0,T20I no. 2634,Oman
Oman vs Namibia,Mehran Khan,3,1,7,3,2.33,12,0,0,0,0,T20I no. 2634,Oman
Oman vs Namibia,Zeeshan Maqsood,2,0,12,0,6,4,1,0,0,0,T20I no. 2634,Oman
Oman vs Namibia,Ayaan Khan,2,0,12,1,6,6,1,0,1,0,T20I no. 2634,Oman
West Indies vs P.N.G.,Akeal Hosein,3,0,9,1,3,13,1,0,0,0,T20I no. 2633,West Indies
West Indies vs P.N.G.,Romario Shepherd,3,0,23,1,7.66,5,1,0,1,0,T20I no. 2633,West Indies
West Indies vs P.N.G.,Andre Russell,3,0,19,2,6.33,8,2,0,1,0,T20I no. 2633,West Indies
West Indies vs P.N.G.,Roston Chase,4,0,26,0,6.5,11,1,1,3,0,T20I no. 2633,West Indies
West Indies vs P.N.G.,Alzarri Joseph,4,0,34,2,8.5,11,5,0,1,1,T20I no. 2633,West Indies
West Indies vs P.N.G.,Gudakesh Motie,3,0,24,1,8,7,2,1,0,0,T20I no. 2633,West Indies
West Indies vs P.N.G.,Kabua Morea,3,0,30,0,10,7,6,0,0,0,T20I no. 2633,Papua New Guinea
West Indies vs P.N.G.,Alei Nao,2,1,9,1,4.5,9,2,0,0,0,T20I no. 2633,Papua New Guinea
West Indies vs P.N.G.,Chad Soper,3,0,19,1,6.33,8,2,0,0,0,T20I no. 2633,Papua New Guinea
West Indies vs P.N.G.,Sese Bau,1,0,18,0,18,1,1,2,0,0,T20I no. 2633,Papua New Guinea
West Indies vs P.N.G.,John Kariko,4,0,17,1,4.25,15,0,1,0,0,T20I no. 2633,Papua New Guinea
West Indies vs P.N.G.,Assad Vala,4,1,28,2,7,11,3,1,0,0,T20I no. 2633,Papua New Guinea
West Indies vs P.N.G.,Charles Amini,2,0,14,0,7,3,0,1,0,0,T20I no. 2633,Papua New Guinea
U.S.A. vs Canada,Ali Khan,4,0,41,1,10.25,11,5,2,2,0,T20I no. 2632,United States of America
U.S.A. vs Canada,Saurabh Netravalkar,2,0,16,0,8,3,2,0,0,0,T20I no. 2632,United States of America
U.S.A. vs Canada,Harmeet Singh,4,0,27,1,6.75,11,3,1,0,0,T20I no. 2632,United States of America
U.S.A. vs Canada,Jasdeep Singh,3,0,24,0,8,7,4,0,0,0,T20I no. 2632,United States of America
U.S.A. vs Canada,Shadley van Schalkwyk,3,0,34,0,11.33,1,1,2,0,0,T20I no. 2632,United States of America
U.S.A. vs Canada,Steven Taylor,1,0,15,0,15,1,0,2,0,0,T20I no. 2632,United States of America
U.S.A. vs Canada,Corey Anderson,3,0,29,1,9.66,4,2,1,0,0,T20I no. 2632,United States of America
U.S.A. vs Canada,Kaleem Sana,4,0,34,1,8.5,9,4,0,3,0,T20I no. 2632,Canada
U.S.A. vs Canada,Jeremy Gordon,3,0,44,0,14.66,7,4,3,3,2,T20I no. 2632,Canada
U.S.A. vs Canada,Dilon Heyliger,3,0,19,1,6.33,9,0,1,2,0,T20I no. 2632,Canada
U.S.A. vs Canada,Saad Bin Zafar,4,0,42,0,10.5,9,2,4,0,0,T20I no. 2632,Canada
U.S.A. vs Canada,Nikhil Dutta,2.4,0,41,1,15.37,5,2,4,2,1,T20I no. 2632,Canada
U.S.A. vs Canada,Pargat Singh,1,0,15,0,15,0,1,1,0,0,T20I no. 2632,Canada
