Team_name,Player,pos,position,Batting,Bowling,image
Afghanistan,Rahmanullah Gurbaz,1,Wicketkeeper Batter,Right hand Bat,26y 39d,"https://img1.hscicdn.com/image/upload/f_auto,t_ds_square_w_640,q_50/lsci/db/PICTURES/CMS/383200/383237.png"
Afghanistan,Hazratullah Zazai,2,Opening Batter,Left hand Bat,Slow Left arm Orthodox,"https://img1.hscicdn.com/image/upload/f_auto,t_ds_square_w_640,q_50/lsci/db/PICTURES/CMS/383200/383222.png"
Afghanistan,Ibrahim Zadran,2,Opening Batter,Right hand Bat,Right arm Medium fast,"https://img1.hscicdn.com/image/upload/f_auto,t_ds_square_w_640,q_50/lsci/db/PICTURES/CMS/383200/383225.png"
Afghanistan,Mohammad Ishaq,2,Wicketkeeper Batter,Right hand Bat,31y 73d,"https://img1.hscicdn.com/image/upload/f_auto,t_ds_square_w_640,q_50/lsci/db/PICTURES/CMS/383200/383224.png"
Afghanistan,Najibullah Zadran,5,Middle order Batter,Left hand Bat,Right arm Offbreak,"https://img1.hscicdn.com/image/upload/f_auto,t_ds_square_w_640,q_50/lsci/db/PICTURES/CMS/383200/383226.png"
Afghanistan,Rashid Khan,7,Bowling Allrounder,Right hand Bat,Legbreak Googly,"https://img1.hscicdn.com/image/upload/f_auto,t_ds_square_w_640,q_50/lsci/db/PICTURES/CMS/383200/383228.png"
Afghanistan,Azmatullah Omarzai,3,Allrounder,Right hand Bat,Right arm Medium fast,"https://img1.hscicdn.com/image/upload/f_auto,t_ds_square_w_640,q_50/lsci/db/PICTURES/CMS/383200/383229.png"
Afghanistan,Gulbadin Naib,4,Batting Allrounder,Right hand Bat,Right arm Medium fast,"https://img1.hscicdn.com/image/upload/f_auto,t_ds_square_w_640,q_50/lsci/db/PICTURES/CMS/383200/383231.png"
Afghanistan,Karim Janat,6,Bowling Allrounder,Right hand Bat,Right arm Medium,"https://img1.hscicdn.com/image/upload/f_auto,t_ds_square_w_640,q_50/lsci/db/PICTURES/CMS/383200/383232.png"
Afghanistan,Mohammad Nabi,6,Allrounder,Right hand Bat,Right arm Offbreak,"https://img1.hscicdn.com/image/upload/f_auto,t_ds_square_w_640,q_50/lsci/db/PICTURES/CMS/383200/383215.png"
Afghanistan,Nangeyalia Kharote,7,Allrounder,Left hand Bat,Slow Left arm Orthodox,"https://img1.hscicdn.com/image/upload/f_auto,t_ds_square_w_640,q_50/lsci/db/PICTURES/CMS/383200/383234.png"
Afghanistan,Fareed Ahmad,11,Bowler,Left hand Bat,Left arm Fast medium,"https://img1.hscicdn.com/image/upload/f_auto,t_ds_square_w_640,q_50/lsci/db/PICTURES/CMS/383200/383235.png"
Afghanistan,Fazalhaq Farooqi,11,Bowler,Right hand Bat,Left arm Fast medium,"https://img1.hscicdn.com/image/upload/f_auto,t_ds_square_w_640,q_50/lsci/db/PICTURES/CMS/383200/383236.png"
Afghanistan,Naveen-ul-Haq,10,Bowler,Right hand Bat,Right arm Medium fast,"https://img1.hscicdn.com/image/upload/f_auto,t_ds_square_w_640,q_50/lsci/db/PICTURES/CMS/383200/383238.png"
Afghanistan,Noor Ahmad,8,Bowler,Right hand Bat,Left arm Wrist spin,"https://img1.hscicdn.com/image/upload/f_auto,t_ds_square_w_640,q_50/lsci/db/PICTURES/CMS/383200/383239.png"
Afghanistan,Mujeeb Ur Rahman,10,Bowler,Right hand Bat,Right arm Offbreak,"https://img1.hscicdn.com/image/upload/f_auto,t_ds_square_w_640,q_50/lsci/db/PICTURES/CMS/383200/383240.png"
Australia,Tim David,6,Middle order Batter,Right hand Bat,Right arm Offbreak,"https://img1.hscicdn.com/image/upload/f_auto,t_ds_square_w_640,q_50/lsci/db/PICTURES/CMS/340300/340305.png"
Australia,Travis Head,2,Top order Batter,Left hand Bat,Right arm Offbreak,"https://img1.hscicdn.com/image/upload/f_auto,t_ds_square_w_640,q_50/lsci/db/PICTURES/CMS/321500/321584.png"
Australia,Josh Inglis,7,Wicketkeeper Batter,Right hand Bat,36y 127d,"https://img1.hscicdn.com/image/upload/f_auto,t_ds_square_w_640,q_50/lsci/db/PICTURES/CMS/324200/324232.png"
Australia,Matthew Wade,7,Wicketkeeper Batter,Left hand Bat,Right arm Medium,"https://img1.hscicdn.com/image/upload/f_auto,t_ds_square_w_640,q_50/lsci/db/PICTURES/CMS/316500/316594.png"
Australia,David Warner,1,Opening Batter,Left hand Bat,Legbreak,"https://img1.hscicdn.com/image/upload/f_auto,t_ds_square_w_640,q_50/lsci/db/PICTURES/CMS/316500/316589.png"
Australia,Mitchell Marsh,3,Allrounder,Right hand Bat,Right arm Medium,"https://img1.hscicdn.com/image/upload/f_auto,t_ds_square_w_640,q_50/lsci/db/PICTURES/CMS/316600/316612.png"
Australia,Cameron Green,6,Batting Allrounder,Right hand Bat,Right arm Fast medium,"https://img1.hscicdn.com/image/upload/f_auto,t_ds_square_w_640,q_50/lsci/db/PICTURES/CMS/321500/321569.png"
Australia,Glenn Maxwell,4,Batting Allrounder,Right hand Bat,Right arm Offbreak,"https://img1.hscicdn.com/image/upload/f_auto,t_ds_square_w_640,q_50/lsci/db/PICTURES/CMS/316600/316657.png"
Australia,Marcus Stoinis,5,Batting Allrounder,Right hand Bat,Right arm Medium,"https://img1.hscicdn.com/image/upload/f_auto,t_ds_square_w_640,q_50/lsci/db/PICTURES/CMS/321500/321596.png"
Australia,Ashton Agar,8,Bowler,Left hand Bat,Slow Left arm Orthodox,"https://img1.hscicdn.com/image/upload/f_auto,t_ds_square_w_640,q_50/lsci/db/PICTURES/CMS/321500/321559.png"
Australia,Pat Cummins,8,Bowler,Right hand Bat,Right arm Fast,"https://img1.hscicdn.com/image/upload/f_auto,t_ds_square_w_640,q_50/lsci/db/PICTURES/CMS/316600/316692.png"
Australia,Nathan Ellis,11,Bowler,Right hand Bat,Right arm Fast medium,"https://img1.hscicdn.com/image/upload/f_auto,t_ds_square_w_640,q_50/lsci/db/PICTURES/CMS/329700/329711.png"
Australia,Josh Hazlewood,11,Bowler,Left hand Bat,Right arm Fast medium,"https://img1.hscicdn.com/image/upload/f_auto,t_ds_square_w_640,q_50/lsci/db/PICTURES/CMS/316600/316622.png"
Australia,Mitchell Starc,9,Bowler,Left hand Bat,Left arm Fast,"https://img1.hscicdn.com/image/upload/f_auto,t_ds_square_w_640,q_50/lsci/db/PICTURES/CMS/316600/316644.png"
Australia,Adam Zampa,10,Bowler,Right hand Bat,Legbreak Googly,"https://img1.hscicdn.com/image/upload/f_auto,t_ds_square_w_640,q_50/lsci/db/PICTURES/CMS/321500/321549.png"
Bangladesh,Najmul Hossain Shanto,3,Top order Batter,Left hand Bat,Right arm Offbreak,"https://img1.hscicdn.com/image/upload/f_auto,t_ds_square_w_640,q_50/lsci/db/PICTURES/CMS/323100/323155.png"
Bangladesh,Jaker Ali,7,Batter,Right hand Bat,29y 214d,"https://img1.hscicdn.com/image/upload/f_auto,t_ds_square_w_640,q_50/lsci/db/PICTURES/CMS/349300/349343.png"
Bangladesh,Litton Das,1,Wicketkeeper Batter,Right hand Bat,Right arm Offbreak,"https://img1.hscicdn.com/image/upload/f_auto,t_ds_square_w_640,q_50/lsci/db/PICTURES/CMS/319700/319727.png"
Bangladesh,Tanzid Hasan,2,Opening Batter,Left hand Bat,23y 162d,"https://img1.hscicdn.com/image/upload/f_auto,t_h_100_2x/lsci/db/PICTURES/CMS/368000/368062.1.png"
Bangladesh,Towhid Hridoy,4,Top order Batter,Right hand Bat,Right arm Offbreak,"https://img1.hscicdn.com/image/upload/f_auto,t_ds_square_w_640,q_50/lsci/db/PICTURES/CMS/380200/380236.png"
Bangladesh,Mahedi Hasan,9,Allrounder,Right hand Bat,Right arm Offbreak,"https://img1.hscicdn.com/image/upload/f_auto,t_ds_square_w_640,q_50/lsci/db/PICTURES/CMS/380200/380237.png"
Bangladesh,Mahmudullah,6,Allrounder,Right hand Bat,Right arm Offbreak,"https://img1.hscicdn.com/image/upload/f_auto,t_ds_square_w_640,q_50/lsci/db/PICTURES/CMS/382800/382810.png"
Bangladesh,Shakib Al Hasan,5,Allrounder,Left hand Bat,Slow Left arm Orthodox,"https://img1.hscicdn.com/image/upload/f_auto,t_ds_square_w_640,q_50/lsci/db/PICTURES/CMS/316500/316581.png"
Bangladesh,Soumya Sarkar,3,Batting Allrounder,Left hand Bat,Right arm Medium fast,"https://img1.hscicdn.com/image/upload/f_auto,t_ds_square_w_640,q_50/lsci/db/PICTURES/CMS/316600/316685.png"
Bangladesh,Taskin Ahmed,10,Bowler,Left hand Bat,Right arm Fast,"https://img1.hscicdn.com/image/upload/f_auto,t_ds_square_w_640,q_50/lsci/db/PICTURES/CMS/316700/316703.png"
Bangladesh,Mustafizur Rahman,11,Bowler,Left hand Bat,Left arm Fast medium,"https://img1.hscicdn.com/image/upload/f_auto,t_ds_square_w_640,q_50/lsci/db/PICTURES/CMS/319700/319734.png"
Bangladesh,Rishad Hossain,8,Bowler,Right hand Bat,Legbreak Googly,"https://img1.hscicdn.com/image/upload/f_auto,t_ds_square_w_640,q_50/lsci/db/PICTURES/CMS/382800/382809.png"
Bangladesh,Shoriful Islam,11,Bowler,Left hand Bat,Left arm Medium fast,"https://img1.hscicdn.com/image/upload/f_auto,t_ds_square_w_640,q_50/lsci/db/PICTURES/CMS/323100/323175.png"
Bangladesh,Tanvir Islam,9,Bowler,Left hand Bat,Slow Left arm Orthodox,"https://img1.hscicdn.com/image/upload/f_auto,t_h_100_2x/lsci/db/PICTURES/CMS/381600/381682.4.jpg"
Bangladesh,Tanzim Hasan Sakib,10,Bowler,Right hand Bat,Right arm Fast medium,"https://img1.hscicdn.com/image/upload/f_auto,t_ds_square_w_640,q_50/lsci/db/PICTURES/CMS/382800/382811.png"
Canada,Navneet Dhaliwal,2,Middle order Batter,Right hand Bat,Right arm Medium fast,"https://img1.hscicdn.com/image/upload/f_auto,t_ds_square_w_640,q_50/lsci/db/PICTURES/CMS/321200/321280.png"
Canada,Aaron Johnson,1,Batter,Right hand Bat,Right arm Offbreak,"https://img1.hscicdn.com/image/upload/f_auto,t_h_100_2x/lsci/db/PICTURES/CMS/381700/381780.1.jpg"
Canada,Shreyas Movva,6,Wicketkeeper Batter,Right hand Bat,35y 201d,"https://img1.hscicdn.com/image/upload/f_auto,t_h_100_2x/lsci/db/PICTURES/CMS/381700/381793.1.jpg"
Canada,Ravinderpal Singh,4,Batter,Right hand Bat,Right arm Offbreak,"https://img1.hscicdn.com/image/upload/f_auto,t_h_100_2x/lsci/db/PICTURES/CMS/381700/381795.1.jpg"
Canada,Saad Bin Zafar,8,Allrounder,Left hand Bat,Slow Left arm Orthodox,"https://img1.hscicdn.com/image/upload/f_auto,t_ds_square_w_640,q_50/lsci/db/PICTURES/CMS/321200/321289.png"
Canada,Dilpreet Bajwa,4,Allrounder,Right hand Bat,Right arm Offbreak,"https://img1.hscicdn.com/image/upload/f_auto,t_h_100_2x/lsci/db/PICTURES/CMS/381700/381797.1.jpg"
Canada,Junaid Siddiqui,9,Allrounder,Right hand Bat,Legbreak,"https://img1.hscicdn.com/image/upload/f_auto,t_ds_square_w_640,q_50/lsci/db/PICTURES/CMS/321200/321277.png"
Canada,Nicholas Kirton,5,Batting Allrounder,Left hand Bat,32y 19d,"https://img1.hscicdn.com/image/upload/f_auto,t_h_100_2x/lsci/db/PICTURES/CMS/381700/381798.1.jpg"
Canada,Pargat Singh,3,Allrounder,Right hand Bat,Right arm Offbreak,"https://img1.hscicdn.com/image/upload/f_auto,t_h_100_2x/lsci/db/PICTURES/CMS/381700/381799.3.jpg"
Canada,Rayyan Pathan,5,Batting Allrounder,Right hand Bat,Right arm Fast medium,"https://img1.hscicdn.com/image/upload/f_auto,t_ds_square_w_640,q_50/lsci/db/PICTURES/CMS/335000/335066.png"
Canada,Harsh Thaker,6,Allrounder,Right hand Bat,Right arm Offbreak,"https://img1.hscicdn.com/image/upload/f_auto,t_ds_square_w_640,q_50/lsci/db/PICTURES/CMS/366400/366411.png"
Canada,Nikhil Dutta,9,Bowler,Right hand Bat,Right arm Offbreak,"https://img1.hscicdn.com/image/upload/f_auto,t_ds_square_w_640,q_50/lsci/db/PICTURES/CMS/321200/321281.png"
Canada,Jeremy Gordon,11,Bowler,Right hand Bat,Right arm Fast medium,"https://img1.hscicdn.com/image/upload/f_auto,t_ds_square_w_640,q_50/lsci/db/PICTURES/CMS/321200/321273.png"
Canada,Dilon Heyliger,7,Bowler,Right hand Bat,Right arm Medium,"https://img1.hscicdn.com/image/upload/f_auto,t_ds_square_w_640,q_50/lsci/db/PICTURES/CMS/321200/321263.png"
Canada,Rishiv Joshi,10,Bowler,Right hand Bat,Left arm Medium fast,"https://img1.hscicdn.com/image/upload/f_auto,t_h_100_2x/lsci/db/PICTURES/CMS/381900/381942.1.jpg"
Canada,Kaleem Sana,10,Bowler,Right hand Bat,Left arm Medium fast,"https://img1.hscicdn.com/image/upload/f_auto,t_h_100_2x/lsci/db/PICTURES/CMS/381900/381941.1.jpg"
England,Jos Buttler,2,Wicketkeeper Batter,Right hand Bat,34y 217d,"https://img1.hscicdn.com/image/upload/f_auto,t_ds_square_w_640,q_50/lsci/db/PICTURES/CMS/383100/383143.png"
England,Jonny Bairstow,4,Wicketkeeper Batter,Right hand Bat,Right arm Medium,"https://img1.hscicdn.com/image/upload/f_auto,t_ds_square_w_640,q_50/lsci/db/PICTURES/CMS/383100/383157.png"
England,Harry Brook,5,Batter,Right hand Bat,Right arm Medium,"https://img1.hscicdn.com/image/upload/f_auto,t_ds_square_w_640,q_50/lsci/db/PICTURES/CMS/383100/383145.png"
England,Ben Duckett,4,Top order Batter,Left hand Bat,Right arm Offbreak,"https://img1.hscicdn.com/image/upload/f_auto,t_ds_square_w_640,q_50/lsci/db/PICTURES/CMS/383100/383154.png"
England,Phil Salt,1,Wicketkeeper Batter,Right hand Bat,Right arm Offbreak,"https://img1.hscicdn.com/image/upload/f_auto,t_ds_square_w_640,q_50/lsci/db/PICTURES/CMS/383100/383141.png"
England,Moeen Ali,3,Batting Allrounder,Left hand Bat,Right arm Offbreak,"https://img1.hscicdn.com/image/upload/f_auto,t_ds_square_w_640,q_50/lsci/db/PICTURES/CMS/383100/383142.png"
England,Sam Curran,6,Allrounder,Left hand Bat,Left arm Medium fast,"https://img1.hscicdn.com/image/upload/f_auto,t_ds_square_w_640,q_50/lsci/db/PICTURES/CMS/383100/383153.png"
England,Will Jacks,3,Batting Allrounder,Right hand Bat,Right arm Offbreak,"https://img1.hscicdn.com/image/upload/f_auto,t_ds_square_w_640,q_50/lsci/db/PICTURES/CMS/383100/383155.png"
England,Liam Livingstone,7,Batting Allrounder,Right hand Bat,Right arm Offbreak,"https://img1.hscicdn.com/image/upload/f_auto,t_ds_square_w_640,q_50/lsci/db/PICTURES/CMS/383100/383152.png"
England,Jofra Archer,9,Bowler,Right hand Bat,Right arm Fast,"https://img1.hscicdn.com/image/upload/f_auto,t_ds_square_w_640,q_50/lsci/db/PICTURES/CMS/383100/383146.png"
England,Tom Hartley,9,Bowler,Left hand Bat,Slow Left arm Orthodox,"https://img1.hscicdn.com/image/upload/f_auto,t_ds_square_w_640,q_50/lsci/db/PICTURES/CMS/383100/383156.png"
England,Chris Jordan,8,Bowler,Right hand Bat,Right arm Fast medium,"https://img1.hscicdn.com/image/upload/f_auto,t_ds_square_w_640,q_50/lsci/db/PICTURES/CMS/383100/383144.png"
England,Adil Rashid,10,Bowler,Right hand Bat,Legbreak,"https://img1.hscicdn.com/image/upload/f_auto,t_ds_square_w_640,q_50/lsci/db/PICTURES/CMS/383100/383151.png"
England,Reece Topley,11,Bowler,Right hand Bat,Left arm Fast medium,"https://img1.hscicdn.com/image/upload/f_auto,t_ds_square_w_640,q_50/lsci/db/PICTURES/CMS/383100/383150.png"
England,Mark Wood,11,Bowler,Right hand Bat,Right arm Fast,"https://img1.hscicdn.com/image/upload/f_auto,t_ds_square_w_640,q_50/lsci/db/PICTURES/CMS/383100/383149.png"
India,Rohit Sharma,1,Top order Batter,Right hand Bat,Right arm Offbreak,"https://img1.hscicdn.com/image/upload/f_auto,t_ds_square_w_640,q_50/lsci/db/PICTURES/CMS/316500/316584.png"
India,Yashasvi Jaiswal,1,Opening Batter,Left hand Bat,Legbreak,"https://img1.hscicdn.com/image/upload/f_auto,t_ds_square_w_640,q_50/lsci/db/PICTURES/CMS/340300/340309.png"
India,Virat Kohli,2,Top order Batter,Right hand Bat,Right arm Medium,"https://img1.hscicdn.com/image/upload/f_auto,t_ds_square_w_640,q_50/lsci/db/PICTURES/CMS/316600/316605.png"
India,Rishabh Pant,3,Wicketkeeper Batter,Left hand Bat,29y 171d,"https://img1.hscicdn.com/image/upload/f_auto,t_ds_square_w_640,q_50/lsci/db/PICTURES/CMS/323000/323036.png"
India,Sanju Samson,3,Wicketkeeper Batter,Right hand Bat,33y 229d,"https://img1.hscicdn.com/image/upload/f_auto,t_ds_square_w_640,q_50/lsci/db/PICTURES/CMS/322700/322701.png"
India,Suryakumar Yadav,4,Batter,Right hand Bat,Right arm Medium,"https://img1.hscicdn.com/image/upload/f_auto,t_ds_square_w_640,q_50/lsci/db/PICTURES/CMS/331100/331163.png"
India,Hardik Pandya,6,Allrounder,Right hand Bat,Right arm Medium fast,"https://img1.hscicdn.com/image/upload/f_auto,t_ds_square_w_640,q_50/lsci/db/PICTURES/CMS/319900/319938.png"
India,Shivam Dube,5,Allrounder,Left hand Bat,Right arm Medium,"https://img1.hscicdn.com/image/upload/f_auto,t_ds_square_w_640,q_50/lsci/db/PICTURES/CMS/383700/383773.png"
India,Ravindra Jadeja,8,Allrounder,Left hand Bat,Slow Left arm Orthodox,"https://img1.hscicdn.com/image/upload/f_auto,t_ds_square_w_640,q_50/lsci/db/PICTURES/CMS/316600/316600.png"
India,Axar Patel,7,Bowling Allrounder,Left hand Bat,Slow Left arm Orthodox,"https://img1.hscicdn.com/image/upload/f_auto,t_ds_square_w_640,q_50/lsci/db/PICTURES/CMS/331100/331164.png"
India,Arshdeep Singh,9,Bowler,Left hand Bat,Left arm Medium fast,"https://img1.hscicdn.com/image/upload/f_auto,t_ds_square_w_640,q_50/lsci/db/PICTURES/CMS/322100/322178.png"
India,Jasprit Bumrah,11,Bowler,Right hand Bat,Right arm Fast,"https://img1.hscicdn.com/image/upload/f_auto,t_ds_square_w_640,q_50/lsci/db/PICTURES/CMS/319900/319940.png"
India,Yuzvendra Chahal,11,Bowler,Right hand Bat,Legbreak Googly,"https://img1.hscicdn.com/image/upload/f_auto,t_ds_square_w_640,q_50/lsci/db/PICTURES/CMS/319900/319955.png"
India,Kuldeep Yadav,10,Bowler,Left hand Bat,Left arm Wrist spin,"https://img1.hscicdn.com/image/upload/f_auto,t_ds_square_w_640,q_50/lsci/db/PICTURES/CMS/319900/319943.png"
India,Mohammed Siraj,11,Bowler,Right hand Bat,Right arm Fast,"https://img1.hscicdn.com/image/upload/f_auto,t_ds_square_w_640,q_50/lsci/db/PICTURES/CMS/322600/322611.png"
Ireland,Ross Adair,1,Top order Batter,Right hand Bat,Slow Left arm Orthodox,"https://img1.hscicdn.com/image/upload/f_auto,t_h_100_2x/lsci/db/PICTURES/CMS/382100/382113.1.jpg"
Ireland,Andy Balbirnie,1,Batter,Right hand Bat,Right arm Offbreak,"https://img1.hscicdn.com/image/upload/f_auto,t_ds_square_w_640,q_50/lsci/db/PICTURES/CMS/316600/316637.png"
Ireland,Neil Rock,3,Wicketkeeper Batter,Left hand Bat,24y 153d,"https://img1.hscicdn.com/image/upload/f_auto,t_ds_square_w_640,q_50/lsci/db/PICTURES/CMS/339100/339165.png"
Ireland,Harry Tector,4,Middle order Batter,Right hand Bat,Right arm Offbreak,"https://img1.hscicdn.com/image/upload/f_auto,t_ds_square_w_640,q_50/lsci/db/PICTURES/CMS/319800/319873.png"
Ireland,Lorcan Tucker,3,Wicketkeeper Batter,Right hand Bat,33y 247d,"https://img1.hscicdn.com/image/upload/f_auto,t_ds_square_w_640,q_50/lsci/db/PICTURES/CMS/339100/339164.png"
Ireland,Paul Stirling,2,Batting Allrounder,Right hand Bat,Right arm Offbreak,"https://img1.hscicdn.com/image/upload/f_auto,t_ds_square_w_640,q_50/lsci/db/PICTURES/CMS/316600/316638.png"
Ireland,Mark Adair,8,Bowling Allrounder,Right hand Bat,Right arm Fast medium,"https://img1.hscicdn.com/image/upload/f_auto,t_ds_square_w_640,q_50/lsci/db/PICTURES/CMS/319800/319892.png"
Ireland,Curtis Campher,5,Allrounder,Right hand Bat,Right arm Medium fast,"https://img1.hscicdn.com/image/upload/f_auto,t_ds_square_w_640,q_50/lsci/db/PICTURES/CMS/321300/321343.png"
Ireland,Gareth Delany,7,Batting Allrounder,Right hand Bat,Legbreak Googly,"https://img1.hscicdn.com/image/upload/f_auto,t_ds_square_w_640,q_50/lsci/db/PICTURES/CMS/319800/319872.png"
Ireland,George Dockrell,6,Allrounder,Right hand Bat,Slow Left arm Orthodox,"https://img1.hscicdn.com/image/upload/f_auto,t_ds_square_w_640,q_50/lsci/db/PICTURES/CMS/316600/316659.png"
Ireland,Graham Hume,9,Bowler,Left hand Bat,Right arm Fast medium,"https://img1.hscicdn.com/image/upload/f_auto,t_h_100_2x/lsci/db/PICTURES/CMS/382100/382121.1.jpg"
Ireland,Josh Little,10,Bowler,Right hand Bat,Left arm Fast medium,"https://img1.hscicdn.com/image/upload/f_auto,t_ds_square_w_640,q_50/lsci/db/PICTURES/CMS/367800/367860.png"
Ireland,Barry McCarthy,9,Bowler,Right hand Bat,Right arm Fast medium,"https://img1.hscicdn.com/image/upload/f_auto,t_ds_square_w_640,q_50/lsci/db/PICTURES/CMS/319800/319870.png"
Ireland,Ben White,11,Bowler,Right hand Bat,Legbreak,"https://img1.hscicdn.com/image/upload/f_auto,t_ds_square_w_640,q_50/lsci/db/PICTURES/CMS/339100/339163.png"
Ireland,Craig Young,11,Bowler,Right hand Bat,Right arm Fast medium,"https://img1.hscicdn.com/image/upload/f_auto,t_ds_square_w_640,q_50/lsci/db/PICTURES/CMS/367800/367859.png"
Namibia,Nikolaas Davin,2,Batter,Right hand Bat,Legbreak,"https://img1.hscicdn.com/image/upload/f_auto,t_h_100_2x/lsci/db/PICTURES/CMS/382000/382050.1.jpg"
Namibia,Zane Green,7,Wicketkeeper Batter,Left hand Bat,30y 17d,"https://img1.hscicdn.com/image/upload/f_auto,t_ds_square_w_640,q_50/lsci/db/PICTURES/CMS/350300/350307.png"
Namibia,JP Kotze,2,Batter,Left hand Bat,29y 28d,"https://img1.hscicdn.com/image/upload/f_auto,t_h_100_2x/lsci/db/PICTURES/CMS/382000/382052.1.jpg"
Namibia,Malan Kruger,8,Batter,Right hand Bat,20y 7d,"https://img1.hscicdn.com/image/upload/f_auto,t_h_100_2x/lsci/db/PICTURES/CMS/382000/382051.1.jpg"
Namibia,Dylan Leicher,4,Middle order Batter,Right hand Bat,Right arm Medium,"https://img1.hscicdn.com/image/upload/f_auto,t_h_100_2x/lsci/db/PICTURES/CMS/382000/382048.1.jpg"
Namibia,Gerhard Erasmus,4,Allrounder,Right hand Bat,Right arm Offbreak,"https://img1.hscicdn.com/image/upload/f_auto,t_ds_square_w_640,q_50/lsci/db/PICTURES/CMS/329700/329755.png"
Namibia,JJ Smit,5,Bowling Allrounder,Right hand Bat,Left arm Medium fast,"https://img1.hscicdn.com/image/upload/f_auto,t_ds_square_w_640,q_50/lsci/db/PICTURES/CMS/329700/329762.png"
Namibia,Jan Frylinck,3,Allrounder,Left hand Bat,Left arm Fast medium,"https://img1.hscicdn.com/image/upload/f_auto,t_ds_square_w_640,q_50/lsci/db/PICTURES/CMS/348600/348605.png"
Namibia,Michael van Lingen,1,Bowling Allrounder,Left hand Bat,Left arm Medium,"https://img1.hscicdn.com/image/upload/f_auto,t_ds_square_w_640,q_50/lsci/db/PICTURES/CMS/350300/350305.png"
Namibia,David Wiese,6,Allrounder,Right hand Bat,Right arm Medium fast,"https://img1.hscicdn.com/image/upload/f_auto,t_ds_square_w_640,q_50/lsci/db/PICTURES/CMS/322000/322079.png"
Namibia,Peter-Daniel Blignaut,8,Bowler,Right hand Bat,Slow Left arm Orthodox,"https://img1.hscicdn.com/image/upload/f_auto,t_h_100_2x/lsci/db/PICTURES/CMS/382000/382049.1.jpg"
Namibia,Jack Brassell,9,Bowler,Right hand Bat,Right arm Medium,"https://img1.hscicdn.com/image/upload/f_auto,t_h_100_2x/lsci/db/PICTURES/CMS/381700/381732.1.jpg"
Namibia,Tangeni Lungameni,11,Bowler,Right hand Bat,Left arm Medium,"https://img1.hscicdn.com/image/upload/f_auto,t_ds_square_w_640,q_50/lsci/db/PICTURES/CMS/350300/350306.png"
Namibia,Bernard Scholtz,10,Bowler,Right hand Bat,Slow Left arm Orthodox,"https://img1.hscicdn.com/image/upload/f_auto,t_ds_square_w_640,q_50/lsci/db/PICTURES/CMS/329700/329759.png"
Namibia,Ben Shikongo,10,Bowler,Right hand Bat,Right arm Medium fast,"https://img1.hscicdn.com/image/upload/f_auto,t_ds_square_w_640,q_50/lsci/db/PICTURES/CMS/329700/329760.png"
Namibia,Ruben Trumpelmann,9,Bowler,Right hand Bat,Left arm Fast,"https://img1.hscicdn.com/image/upload/f_auto,t_ds_square_w_640,q_50/lsci/db/PICTURES/CMS/348600/348607.png"
Nepal,Aasif Sheikh,2,Wicketkeeper Batter,Right hand Bat,24y 98d,"https://img1.hscicdn.com/image/upload/f_auto,t_ds_square_w_640,q_50/lsci/db/PICTURES/CMS/330400/330462.png"
Nepal,Dipendra Singh Airee,5,Middle order Batter,Right hand Bat,Right arm Medium,"https://img1.hscicdn.com/image/upload/f_auto,t_ds_square_w_640,q_50/lsci/db/PICTURES/CMS/330400/330438.png"
Nepal,Kushal Bhurtel,1,Opening Batter,Right hand Bat,Legbreak Googly,"https://img1.hscicdn.com/image/upload/f_auto,t_ds_square_w_640,q_50/lsci/db/PICTURES/CMS/330400/330443.png"
Nepal,Sundeep Jora,5,Middle order Batter,Right hand Bat,25y 166d,"https://img1.hscicdn.com/image/upload/f_auto,t_h_100_2x/lsci/db/PICTURES/CMS/381900/381943.1.jpg"
Nepal,Anil Sah,4,Wicketkeeper,Right hand Bat,Right arm Offbreak,"https://img1.hscicdn.com/image/upload/f_auto,t_ds_square_w_640,q_50/lsci/db/PICTURES/CMS/321700/321735.png"
Nepal,Rohit Paudel,3,Batting Allrounder,Right hand Bat,Right arm Offbreak,"https://img1.hscicdn.com/image/upload/f_auto,t_ds_square_w_640,q_50/lsci/db/PICTURES/CMS/330400/330466.png"
Nepal,Karan KC,9,Allrounder,Right hand Bat,Right arm Fast,"https://img1.hscicdn.com/image/upload/f_auto,t_ds_square_w_640,q_50/lsci/db/PICTURES/CMS/330400/330442.png"
Nepal,Kushal Malla,6,Batting Allrounder,Left hand Bat,Slow Left arm Orthodox,"https://img1.hscicdn.com/image/upload/f_auto,t_ds_square_w_640,q_50/lsci/db/PICTURES/CMS/330400/330446.png"
Nepal,Sompal Kami,7,Bowling Allrounder,Right hand Bat,Right arm Fast medium,"https://img1.hscicdn.com/image/upload/f_auto,t_ds_square_w_640,q_50/lsci/db/PICTURES/CMS/330400/330477.png"
Nepal,Pratis GC,7,Bowling Allrounder,Right hand Bat,Left arm Medium,"https://img1.hscicdn.com/image/upload/f_auto,t_h_100_2x/lsci/db/PICTURES/CMS/381900/381944.1.jpg"
Nepal,Kamal Airee,10,Bowler,Right hand Bat,Right arm Medium,"https://img1.hscicdn.com/image/upload/f_auto,t_h_100_2x/lsci/db/PICTURES/CMS/381900/381933.1.jpg"
Nepal,Abinash Bohara,11,Bowler,Right hand Bat,Right arm Medium,"https://img1.hscicdn.com/image/upload/f_auto,t_ds_square_w_640,q_50/lsci/db/PICTURES/CMS/321400/321434.png"
Nepal,Sagar Dhakal,10,Bowler,Right hand Bat,Slow Left arm Orthodox,"https://img1.hscicdn.com/image/upload/f_auto,t_h_100_2x/lsci/db/PICTURES/CMS/381900/381945.1.jpg"
Nepal,Gulsan Jha,6,Bowler,Left hand Bat,Right arm Medium,"https://img1.hscicdn.com/image/upload/f_auto,t_ds_square_w_640,q_50/lsci/db/PICTURES/CMS/330400/330440.png"
Nepal,Sandeep Lamichhane,10,Bowler,Right hand Bat,Legbreak Googly,"https://img1.hscicdn.com/image/upload/f_auto,t_ds_square_w_640,q_50/lsci/db/PICTURES/CMS/330400/330467.png"
Nepal,Lalit Rajbanshi,11,Bowler,Right hand Bat,Slow Left arm Orthodox,"https://img1.hscicdn.com/image/upload/f_auto,t_ds_square_w_640,q_50/lsci/db/PICTURES/CMS/321700/321747.png"
Netherlands,Scott Edwards,5,Wicketkeeper Batter,Right hand Bat,40y 10d,"https://img1.hscicdn.com/image/upload/f_auto,t_ds_square_w_640,q_50/lsci/db/PICTURES/CMS/322500/322592.png"
Netherlands,Wesley Barresi,4,Batter,Right hand Bat,Right arm Offbreak,"https://img1.hscicdn.com/image/upload/f_auto,t_h_100_2x/lsci/db/PICTURES/CMS/322400/322483.png"
Netherlands,Michael Levitt,1,Top order Batter,Right hand Bat,Right arm Fast,"https://img1.hscicdn.com/image/upload/f_auto,t_ds_square_w_640,q_50/lsci/db/PICTURES/CMS/368000/368043.png"
Netherlands,Max O'Dowd,2,Opening Batter,Right hand Bat,Right arm Offbreak,"https://img1.hscicdn.com/image/upload/f_auto,t_ds_square_w_640,q_50/lsci/db/PICTURES/CMS/322500/322583.png"
Netherlands,Vikramjit Singh,3,Opening Batter,Left hand Bat,Right arm Medium,"https://img1.hscicdn.com/image/upload/f_auto,t_ds_square_w_640,q_50/lsci/db/PICTURES/CMS/368000/368038.png"
Netherlands,Bas de Leede,5,Batting Allrounder,Right hand Bat,Right arm Fast medium,"https://img1.hscicdn.com/image/upload/f_auto,t_ds_square_w_640,q_50/lsci/db/PICTURES/CMS/322600/322637.png"
Netherlands,Sybrand Engelbrecht,4,Allrounder,Right hand Bat,Right arm Offbreak,"https://img1.hscicdn.com/image/upload/f_auto,t_h_100_2x/lsci/db/PICTURES/CMS/381700/381735.jpg"
Netherlands,Teja Nidamanuru,6,Allrounder,Right hand Bat,Right arm Offbreak,"https://img1.hscicdn.com/image/upload/f_auto,t_ds_square_w_640,q_50/lsci/db/PICTURES/CMS/368000/368040.png"
Netherlands,Tim Pringle,8,Allrounder,Right hand Bat,Slow Left arm Orthodox,"https://img1.hscicdn.com/image/upload/f_auto,t_h_100_2x/lsci/db/PICTURES/CMS/381700/381733.4.jpg"
Netherlands,Saqib Zulfiqar,6,Bowling Allrounder,Right hand Bat,Legbreak,"https://img1.hscicdn.com/image/upload/f_auto,t_h_100_2x/lsci/db/PICTURES/CMS/362800/362801.1.png"
Netherlands,Aryan Dutt,7,Bowler,Right hand Bat,Right arm Offbreak,"https://img1.hscicdn.com/image/upload/f_auto,t_ds_square_w_640,q_50/lsci/db/PICTURES/CMS/368000/368048.png"
Netherlands,Vivian Kingma,10,Bowler,Right hand Bat,Right arm Medium fast,"https://img1.hscicdn.com/image/upload/f_auto,t_ds_square_w_640,q_50/lsci/db/PICTURES/CMS/368000/368049.png"
Netherlands,Kyle Klein,9,Bowler,Right hand Bat,Right arm Medium,"https://img1.hscicdn.com/image/upload/f_auto,t_ds_square_w_640,q_50/lsci/db/PICTURES/CMS/368000/368044.png"
Netherlands,Logan van Beek,7,Bowler,Right hand Bat,Right arm Medium fast,"https://img1.hscicdn.com/image/upload/f_auto,t_ds_square_w_640,q_50/lsci/db/PICTURES/CMS/331100/331170.png"
Netherlands,Paul van Meekeren,9,Bowler,Right hand Bat,Right arm Fast medium,"https://img1.hscicdn.com/image/upload/f_auto,t_ds_square_w_640,q_50/lsci/db/PICTURES/CMS/322600/322644.png"
Netherlands,Daniel Doram,11,Bowler,Left hand Bat,Slow Left arm Orthodox,https://www.espncricinfo.com/cricketers/daniel-doram-643133
Netherlands,Fred Klaassen,11,Bowler,Right hand Bat,Left arm Fast medium,"https://img1.hscicdn.com/image/upload/f_auto,t_ds_square_w_640,q_50/lsci/db/PICTURES/CMS/324200/324241.png"
New Zealand,Kane Williamson,3,Top order Batter,Right hand Bat,Right arm Offbreak,"https://img1.hscicdn.com/image/upload/f_auto,t_ds_square_w_640,q_50/lsci/db/PICTURES/CMS/383100/383172.png"
New Zealand,Finn Allen,1,Top order Batter,Right hand Bat,32y 296d,"https://img1.hscicdn.com/image/upload/f_auto,t_ds_square_w_640,q_50/lsci/db/PICTURES/CMS/383100/383164.png"
New Zealand,Devon Conway,2,Wicketkeeper Batter,Left hand Bat,Right arm Medium,"https://img1.hscicdn.com/image/upload/f_auto,t_ds_square_w_640,q_50/lsci/db/PICTURES/CMS/383100/383148.png"
New Zealand,Michael Bracewell,4,Batting Allrounder,Left hand Bat,Right arm Offbreak,"https://img1.hscicdn.com/image/upload/f_auto,t_ds_square_w_640,q_50/lsci/db/PICTURES/CMS/383100/383179.png"
New Zealand,Mark Chapman,5,Allrounder,Left hand Bat,Slow Left arm Orthodox,"https://img1.hscicdn.com/image/upload/f_auto,t_ds_square_w_640,q_50/lsci/db/PICTURES/CMS/383100/383176.png"
New Zealand,Daryl Mitchell,4,Batting Allrounder,Right hand Bat,Right arm Medium,"https://img1.hscicdn.com/image/upload/f_auto,t_ds_square_w_640,q_50/lsci/db/PICTURES/CMS/383100/383147.png"
New Zealand,James Neesham,6,Batting Allrounder,Left hand Bat,Right arm Medium fast,"https://img1.hscicdn.com/image/upload/f_auto,t_ds_square_w_640,q_50/lsci/db/PICTURES/CMS/383100/383171.png"
New Zealand,Glenn Phillips,5,Allrounder,Right hand Bat,Right arm Offbreak,"https://img1.hscicdn.com/image/upload/f_auto,t_ds_square_w_640,q_50/lsci/db/PICTURES/CMS/383100/383167.png"
New Zealand,Rachin Ravindra,3,Batting Allrounder,Left hand Bat,Slow Left arm Orthodox,"https://img1.hscicdn.com/image/upload/f_auto,t_ds_square_w_640,q_50/lsci/db/PICTURES/CMS/383100/383182.png"
New Zealand,Mitchell Santner,7,Bowling Allrounder,Left hand Bat,Slow Left arm Orthodox,"https://img1.hscicdn.com/image/upload/f_auto,t_ds_square_w_640,q_50/lsci/db/PICTURES/CMS/383100/383180.png"
New Zealand,Trent Boult,9,Bowler,Right hand Bat,Left arm Fast medium,"https://img1.hscicdn.com/image/upload/f_auto,t_ds_square_w_640,q_50/lsci/db/PICTURES/CMS/383100/383185.png"
New Zealand,Lockie Ferguson,8,Bowler,Right hand Bat,Right arm Fast,"https://img1.hscicdn.com/image/upload/f_auto,t_ds_square_w_640,q_50/lsci/db/PICTURES/CMS/383100/383174.png"
New Zealand,Matt Henry,10,Bowler,Right hand Bat,Right arm Fast medium,"https://img1.hscicdn.com/image/upload/f_auto,t_ds_square_w_640,q_50/lsci/db/PICTURES/CMS/383100/383178.png"
New Zealand,Ish Sodhi,10,Bowler,Right hand Bat,Legbreak,"https://img1.hscicdn.com/image/upload/f_auto,t_ds_square_w_640,q_50/lsci/db/PICTURES/CMS/383100/383170.png"
New Zealand,Tim Southee,11,Bowler,Right hand Bat,Right arm Medium fast,"https://img1.hscicdn.com/image/upload/f_auto,t_ds_square_w_640,q_50/lsci/db/PICTURES/CMS/383100/383184.png"
Oman,Aqib Ilyas,3,Top order Batter,Right hand Bat,Right arm Offbreak,"https://img1.hscicdn.com/image/upload/f_auto,t_ds_square_w_640,q_50/lsci/db/PICTURES/CMS/321700/321767.png"
Oman,Pratik Athavale,1,Wicketkeeper Batter,Right hand Bat,Right arm Offbreak,"https://img1.hscicdn.com/image/upload/f_auto,t_h_100_2x/lsci/db/PICTURES/CMS/381900/381938.1.jpg"
Oman,Khalid Kail,4,Middle order Batter,Right hand Bat,37y 18d,"https://img1.hscicdn.com/image/upload/f_auto,t_h_100_2x/lsci/db/PICTURES/CMS/381900/381922.4.jpg"
Oman,Mehran Khan,6,Batter,Right hand Bat,Right arm Medium fast,"https://img1.hscicdn.com/image/upload/f_auto,t_ds_square_w_640,q_50/lsci/db/PICTURES/CMS/321700/321776.png"
Oman,Naseem Khushi,2,Wicketkeeper,Right hand Bat,28y 203d,"https://img1.hscicdn.com/image/upload/f_auto,t_ds_square_w_640,q_50/lsci/db/PICTURES/CMS/321700/321778.png"
Oman,Kashyap Prajapati,2,Top order Batter,Right hand Bat,Right arm Offbreak,"https://img1.hscicdn.com/image/upload/f_auto,t_h_100_2x/lsci/db/PICTURES/CMS/362500/362500.4.jpg"
Oman,Shoaib Khan,4,Batter,Right hand Bat,Right arm Medium,"https://img1.hscicdn.com/image/upload/f_auto,t_h_100_2x/lsci/db/PICTURES/CMS/381900/381939.1.jpg"
Oman,Zeeshan Maqsood,1,Opening Batter,Left hand Bat,Slow Left arm Orthodox,"https://img1.hscicdn.com/image/upload/f_auto,t_ds_square_w_640,q_50/lsci/db/PICTURES/CMS/321700/321792.png"
Oman,Ayaan Khan,5,Allrounder,Left hand Bat,Slow Left arm Orthodox,"https://img1.hscicdn.com/image/upload/f_auto,t_h_100_2x/lsci/db/PICTURES/CMS/362400/362498.4.jpg"
Oman,Mohammad Nadeem,8,Allrounder,Right hand Bat,Right arm Medium fast,"https://img1.hscicdn.com/image/upload/f_auto,t_ds_square_w_640,q_50/lsci/db/PICTURES/CMS/321700/321777.png"
Oman,Bilal Khan,11,Bowler,Left hand Bat,Left arm Medium fast,"https://img1.hscicdn.com/image/upload/f_auto,t_ds_square_w_640,q_50/lsci/db/PICTURES/CMS/321700/321770.png"
Oman,Fayyaz Butt,11,Bowler,Right hand Bat,Right arm Medium fast,"https://img1.hscicdn.com/image/upload/f_auto,t_ds_square_w_640,q_50/lsci/db/PICTURES/CMS/321700/321765.png"
Oman,Kaleemullah,10,Bowler,Right hand Bat,Right arm Medium,"https://img1.hscicdn.com/image/upload/f_auto,t_ds_square_w_640,q_50/lsci/db/PICTURES/CMS/321700/321773.png"
Oman,Rafiullah,7,Bowler,Right hand Bat,Right arm Medium,"https://img1.hscicdn.com/image/upload/f_auto,t_h_100_2x/lsci/db/PICTURES/CMS/381900/381937.1.jpg"
Oman,Shakeel Ahmed,9,Bowler,Left hand Bat,Slow Left arm Orthodox,"https://img1.hscicdn.com/image/upload/f_auto,t_h_100_2x/lsci/db/PICTURES/CMS/381900/381930.2.jpg"
Pakistan,Babar Azam,2,Batter,Right hand Bat,Right arm Offbreak,"https://img1.hscicdn.com/image/upload/f_auto,t_ds_square_w_640,q_50/lsci/db/PICTURES/CMS/320400/320448.png"
Pakistan,Azam Khan,3,Wicketkeeper Batter,Right hand Bat,34y 44d,"https://img1.hscicdn.com/image/upload/f_auto,t_ds_square_w_640,q_50/lsci/db/PICTURES/CMS/326500/326525.png"
Pakistan,Fakhar Zaman,3,Opening Batter,Left hand Bat,Slow Left arm Orthodox,"https://img1.hscicdn.com/image/upload/f_auto,t_ds_square_w_640,q_50/lsci/db/PICTURES/CMS/320400/320449.png"
Pakistan,Iftikhar Ahmed,5,Middle order Batter,Right hand Bat,Right arm Offbreak,"https://img1.hscicdn.com/image/upload/f_auto,t_ds_square_w_640,q_50/lsci/db/PICTURES/CMS/322100/322153.png"
Pakistan,Mohammad Rizwan,1,Wicketkeeper Batter,Right hand Bat,Right arm Medium,"https://img1.hscicdn.com/image/upload/f_auto,t_ds_square_w_640,q_50/lsci/db/PICTURES/CMS/320400/320458.png"
Pakistan,Saim Ayub,2,Top order Batter,Left hand Bat,Right arm Medium fast,"https://img1.hscicdn.com/image/upload/f_auto,t_ds_square_w_640,q_50/lsci/db/PICTURES/CMS/326400/326498.png"
Pakistan,Usman Khan,4,Top order Batter,Right hand Bat,Right arm Offbreak,"https://img1.hscicdn.com/image/upload/f_auto,t_h_100_2x/lsci/db/PICTURES/CMS/382000/382035.2.jpg"
Pakistan,Imad Wasim,7,Allrounder,Left hand Bat,Slow Left arm Orthodox,"https://img1.hscicdn.com/image/upload/f_auto,t_ds_square_w_640,q_50/lsci/db/PICTURES/CMS/320400/320451.png"
Pakistan,Shadab Khan,6,Allrounder,Right hand Bat,Legbreak,"https://img1.hscicdn.com/image/upload/f_auto,t_ds_square_w_640,q_50/lsci/db/PICTURES/CMS/320400/320467.png"
Pakistan,Abbas Afridi,10,Bowler,Right hand Bat,Right arm Medium fast,"https://img1.hscicdn.com/image/upload/f_auto,t_ds_square_w_640,q_50/lsci/db/PICTURES/CMS/322100/322158.png"
Pakistan,Abrar Ahmed,11,Bowler,Right hand Bat,Legbreak Googly,"https://img1.hscicdn.com/image/upload/f_auto,t_ds_square_w_640,q_50/lsci/db/PICTURES/CMS/379000/379036.png"
Pakistan,Haris Rauf,10,Bowler,Right hand Bat,Right arm Fast,"https://img1.hscicdn.com/image/upload/f_auto,t_ds_square_w_640,q_50/lsci/db/PICTURES/CMS/322200/322202.png"
Pakistan,Mohammad Amir,11,Bowler,Left hand Bat,Left arm Fast medium,"https://img1.hscicdn.com/image/upload/f_auto,t_ds_square_w_640,q_50/lsci/db/PICTURES/CMS/320400/320457.png"
Pakistan,Naseem Shah,8,Bowler,Right hand Bat,Right arm Fast,"https://img1.hscicdn.com/image/upload/f_auto,t_ds_square_w_640,q_50/lsci/db/PICTURES/CMS/322200/322223.png"
Pakistan,Shaheen Shah Afridi,9,Bowler,Left hand Bat,Left arm Fast,"https://img1.hscicdn.com/image/upload/f_auto,t_ds_square_w_640,q_50/lsci/db/PICTURES/CMS/322200/322250.png"
Papua New Guinea,Assad Vala,2,Batter,Left hand Bat,Right arm Offbreak,"https://img1.hscicdn.com/image/upload/f_auto,t_ds_square_w_640,q_50/lsci/db/PICTURES/CMS/321100/321136.png"
Papua New Guinea,Sese Bau,4,Middle order Batter,Left hand Bat,Right arm Offbreak,"https://img1.hscicdn.com/image/upload/f_auto,t_ds_square_w_640,q_50/lsci/db/PICTURES/CMS/321100/321159.png"
Papua New Guinea,Kiplin Doriga,7,Wicketkeeper Batter,Right hand Bat,29y 7d,"https://img1.hscicdn.com/image/upload/f_auto,t_ds_square_w_640,q_50/lsci/db/PICTURES/CMS/321100/321149.png"
Papua New Guinea,Hiri Hiri,5,Middle order Batter,Right hand Bat,Right arm Offbreak,"https://img1.hscicdn.com/image/upload/f_auto,t_ds_square_w_640,q_50/lsci/db/PICTURES/CMS/321100/321144.png"
Papua New Guinea,Lega Siaka,1,Opening Batter,Right hand Bat,Right arm Fast medium,"https://img1.hscicdn.com/image/upload/f_auto,t_ds_square_w_640,q_50/lsci/db/PICTURES/CMS/321100/321151.png"
Papua New Guinea,Tony Ura,1,Opening Batter,Right hand Bat,22y 272d,"https://img1.hscicdn.com/image/upload/f_auto,t_ds_square_w_640,q_50/lsci/db/PICTURES/CMS/321100/321161.png"
Papua New Guinea,Hila Vare,4,Batter,Left hand Bat,32y 24d,"https://img1.hscicdn.com/image/upload/f_auto,t_h_100_2x/lsci/db/PICTURES/CMS/381600/381680.4.jpg"
Papua New Guinea,Charles Amini,3,Allrounder,Left hand Bat,Legbreak,"https://img1.hscicdn.com/image/upload/f_auto,t_ds_square_w_640,q_50/lsci/db/PICTURES/CMS/321100/321138.png"
Papua New Guinea,Jack Gardner,6,Bowler,,,"https://img1.hscicdn.com/image/upload/f_auto,t_ds_square_w_640,q_50/lsci/db/PICTURES/CMS/331100/331172.png"
Papua New Guinea,Semo Kamea,11,Bowler,Left hand Bat,Left arm Fast,"https://img1.hscicdn.com/image/upload/f_auto,t_h_100_2x/lsci/db/PICTURES/CMS/381600/381677.2.jpg"
Papua New Guinea,John Kariko,10,Bowler,Left hand Bat,Slow Left arm Orthodox,"https://img1.hscicdn.com/image/upload/f_auto,t_h_100_2x/lsci/db/PICTURES/CMS/381600/381679.1.jpg"
Papua New Guinea,Kabua Morea,10,Bowler,Right hand Bat,Left arm Medium,"https://img1.hscicdn.com/image/upload/f_auto,t_ds_square_w_640,q_50/lsci/db/PICTURES/CMS/329700/329753.png"
Papua New Guinea,Alei Nao,9,Bowler,Right hand Bat,Right arm Medium,"https://img1.hscicdn.com/image/upload/f_auto,t_ds_square_w_640,q_50/lsci/db/PICTURES/CMS/321100/321135.png"
Papua New Guinea,Chad Soper,6,Bowler,Right hand Bat,Right arm Medium fast,"https://img1.hscicdn.com/image/upload/f_auto,t_ds_square_w_640,q_50/lsci/db/PICTURES/CMS/321100/321137.png"
Papua New Guinea,Norman Vanua,8,Bowler,Right hand Bat,Right arm Medium,"https://img1.hscicdn.com/image/upload/f_auto,t_ds_square_w_640,q_50/lsci/db/PICTURES/CMS/321100/321154.png"
Scotland,Richie Berrington,4,Top order Batter,Right hand Bat,Right arm Medium fast,"https://img1.hscicdn.com/image/upload/f_auto,t_ds_square_w_640,q_50/lsci/db/PICTURES/CMS/316500/316587.png"
Scotland,Matthew Cross,5,Wicketkeeper Batter,Right hand Bat,33y 22d,"https://img1.hscicdn.com/image/upload/f_auto,t_ds_square_w_640,q_50/lsci/db/PICTURES/CMS/316600/316680.png"
Scotland,Ollie Hairs,1,Opening Batter,Left hand Bat,Right arm Offbreak,"https://img1.hscicdn.com/image/upload/f_auto,t_ds_square_w_640,q_50/lsci/db/PICTURES/CMS/320400/320478.png"
Scotland,Michael Jones,2,Top order Batter,Right hand Bat,Right arm Offbreak,"https://img1.hscicdn.com/image/upload/f_auto,t_ds_square_w_640,q_50/lsci/db/PICTURES/CMS/322400/322444.png"
Scotland,George Munsey,1,Opening Batter,Left hand Bat,Right arm Medium fast,"https://img1.hscicdn.com/image/upload/f_auto,t_ds_square_w_640,q_50/lsci/db/PICTURES/CMS/320300/320365.png"
Scotland,Charlie Tear,3,Wicketkeeper Batter,Right hand Bat,33y 190d,"https://img1.hscicdn.com/image/upload/f_auto,t_h_100_2x/lsci/db/PICTURES/CMS/357000/357090.jpg"
Scotland,Michael Leask,6,Allrounder,Right hand Bat,Right arm Offbreak,"https://img1.hscicdn.com/image/upload/f_auto,t_ds_square_w_640,q_50/lsci/db/PICTURES/CMS/316600/316678.png"
Scotland,Brandon McMullen,3,Batting Allrounder,Right hand Bat,Right arm Medium,"https://img1.hscicdn.com/image/upload/f_auto,t_h_100_2x/lsci/db/PICTURES/CMS/381900/381996.1.jpg"
Scotland,Brad Currie,9,Bowler,Right hand Bat,Left arm Medium,"https://img1.hscicdn.com/image/upload/f_auto,t_h_100_2x/lsci/db/PICTURES/CMS/381900/381999.1.jpg"
Scotland,Chris Greaves,7,Bowler,Right hand Bat,Legbreak,"https://img1.hscicdn.com/image/upload/f_auto,t_ds_square_w_640,q_50/lsci/db/PICTURES/CMS/329700/329745.png"
Scotland,Jack Jarvis,8,Bowler,Right hand Bat,Right arm Medium fast,"https://img1.hscicdn.com/image/upload/f_auto,t_h_100_2x/lsci/db/PICTURES/CMS/381900/381991.1.jpg"
Scotland,Safyaan Sharif,10,Bowler,Right hand Bat,Right arm Medium fast,"https://img1.hscicdn.com/image/upload/f_auto,t_ds_square_w_640,q_50/lsci/db/PICTURES/CMS/316600/316679.png"
Scotland,Chris Sole,9,Bowler,Right hand Bat,Right arm Fast medium,"https://img1.hscicdn.com/image/upload/f_auto,t_ds_square_w_640,q_50/lsci/db/PICTURES/CMS/322400/322438.png"
Scotland,Mark Watt,8,Bowler,Left hand Bat,Slow Left arm Orthodox,"https://img1.hscicdn.com/image/upload/f_auto,t_ds_square_w_640,q_50/lsci/db/PICTURES/CMS/320300/320372.png"
Scotland,Brad Wheal,11,Bowler,Right hand Bat,Right arm Fast medium,"https://img1.hscicdn.com/image/upload/f_auto,t_ds_square_w_640,q_50/lsci/db/PICTURES/CMS/322400/322436.png"
South Africa,Aiden Markram,3,Opening Batter,Right hand Bat,Right arm Offbreak,"https://img1.hscicdn.com/image/upload/f_auto,t_ds_square_w_640,q_50/lsci/db/PICTURES/CMS/322000/322067.png"
South Africa,Quinton de Kock,2,Wicketkeeper Batter,Left hand Bat,34y 260d,"https://img1.hscicdn.com/image/upload/f_auto,t_ds_square_w_640,q_50/lsci/db/PICTURES/CMS/316600/316668.png"
South Africa,Reeza Hendricks,1,Opening Batter,Right hand Bat,Right arm Offbreak,"https://img1.hscicdn.com/image/upload/f_auto,t_ds_square_w_640,q_50/lsci/db/PICTURES/CMS/322000/322071.png"
South Africa,Heinrich Klaasen,6,Wicketkeeper Batter,Right hand Bat,Right arm Offbreak,"https://img1.hscicdn.com/image/upload/f_auto,t_ds_square_w_640,q_50/lsci/db/PICTURES/CMS/322000/322073.png"
South Africa,David Miller,5,Middle order Batter,Left hand Bat,Right arm Offbreak,"https://img1.hscicdn.com/image/upload/f_auto,t_ds_square_w_640,q_50/lsci/db/PICTURES/CMS/316600/316655.png"
South Africa,Ryan Rickelton,4,Wicketkeeper Batter,Left hand Bat,23y 260d,"https://img1.hscicdn.com/image/upload/f_auto,t_ds_square_w_640,q_50/lsci/db/PICTURES/CMS/366300/366321.png"
South Africa,Tristan Stubbs,4,Batter,Right hand Bat,Right arm Offbreak,"https://img1.hscicdn.com/image/upload/f_auto,t_ds_square_w_640,q_50/lsci/db/PICTURES/CMS/348500/348577.png"
South Africa,Marco Jansen,7,Bowling Allrounder,Right hand Bat,Left arm Medium fast,"https://img1.hscicdn.com/image/upload/f_auto,t_ds_square_w_640,q_50/lsci/db/PICTURES/CMS/337100/337189.png"
South Africa,Ottneil Baartman,8,Bowler,Right hand Bat,Right arm Medium fast,"https://img1.hscicdn.com/image/upload/f_auto,t_h_100_2x/lsci/db/PICTURES/CMS/381700/381731.1.jpg"
South Africa,Gerald Coetzee,9,Bowler,Right hand Bat,Right arm Fast,"https://img1.hscicdn.com/image/upload/f_auto,t_ds_square_w_640,q_50/lsci/db/PICTURES/CMS/348500/348579.png"
South Africa,Bjorn Fortuin,9,Bowler,Right hand Bat,Slow Left arm Orthodox,"https://img1.hscicdn.com/image/upload/f_auto,t_ds_square_w_640,q_50/lsci/db/PICTURES/CMS/322400/322461.png"
South Africa,Keshav Maharaj,8,Bowler,Right hand Bat,Slow Left arm Orthodox,"https://img1.hscicdn.com/image/upload/f_auto,t_ds_square_w_640,q_50/lsci/db/PICTURES/CMS/322000/322072.png"
South Africa,Anrich Nortje,9,Bowler,Right hand Bat,Right arm Fast,"https://img1.hscicdn.com/image/upload/f_auto,t_ds_square_w_640,q_50/lsci/db/PICTURES/CMS/322000/322080.png"
South Africa,Kagiso Rabada,10,Bowler,Left hand Bat,Right arm Fast,"https://img1.hscicdn.com/image/upload/f_auto,t_ds_square_w_640,q_50/lsci/db/PICTURES/CMS/320300/320376.png"
South Africa,Tabraiz Shamsi,11,Bowler,Right hand Bat,Left arm Wrist spin,"https://img1.hscicdn.com/image/upload/f_auto,t_ds_square_w_640,q_50/lsci/db/PICTURES/CMS/322000/322068.png"
Sri Lanka,Kusal Mendis,2,Wicketkeeper Batter,Right hand Bat,Legbreak,"https://img1.hscicdn.com/image/upload/f_auto,t_ds_square_w_640,q_50/lsci/db/PICTURES/CMS/319800/319866.png"
Sri Lanka,Pathum Nissanka,1,Top order Batter,Right hand Bat,28y 253d,"https://img1.hscicdn.com/image/upload/f_auto,t_ds_square_w_640,q_50/lsci/db/PICTURES/CMS/323000/323070.png"
Sri Lanka,Sadeera Samarawickrama,5,Wicketkeeper Batter,Right hand Bat,26y 285d,"https://img1.hscicdn.com/image/upload/f_auto,t_ds_square_w_640,q_50/lsci/db/PICTURES/CMS/323000/323069.png"
Sri Lanka,Wanindu Hasaranga,4,Allrounder,Right hand Bat,Legbreak,"https://img1.hscicdn.com/image/upload/f_auto,t_ds_square_w_640,q_50/lsci/db/PICTURES/CMS/322900/322946.png"
Sri Lanka,Charith Asalanka,6,Batting Allrounder,Left hand Bat,Right arm Offbreak,"https://img1.hscicdn.com/image/upload/f_auto,t_ds_square_w_640,q_50/lsci/db/PICTURES/CMS/348500/348599.png"
Sri Lanka,Dhananjaya de Silva,5,Allrounder,Right hand Bat,Right arm Offbreak,"https://img1.hscicdn.com/image/upload/f_auto,t_ds_square_w_640,q_50/lsci/db/PICTURES/CMS/319800/319859.png"
Sri Lanka,Angelo Mathews,7,Allrounder,Right hand Bat,Right arm Medium,"https://img1.hscicdn.com/image/upload/f_auto,t_ds_square_w_640,q_50/lsci/db/PICTURES/CMS/355600/355644.png"
Sri Lanka,Kamindu Mendis,3,Allrounder,Left hand Bat,Right arm Offbreak,"https://img1.hscicdn.com/image/upload/f_auto,t_ds_square_w_640,q_50/lsci/db/PICTURES/CMS/329900/329938.png"
Sri Lanka,Dasun Shanaka,8,Allrounder,Right hand Bat,Right arm Medium,"https://img1.hscicdn.com/image/upload/f_auto,t_ds_square_w_640,q_50/lsci/db/PICTURES/CMS/328000/328058.png"
Sri Lanka,Dushmantha Chameera,11,Bowler,Right hand Bat,Right arm Fast,"https://img1.hscicdn.com/image/upload/f_auto,t_ds_square_w_640,q_50/lsci/db/PICTURES/CMS/319800/319862.png"
Sri Lanka,Dilshan Madushanka,10,Bowler,Right hand Bat,Left arm Fast medium,"https://img1.hscicdn.com/image/upload/f_auto,t_ds_square_w_640,q_50/lsci/db/PICTURES/CMS/348600/348600.png"
Sri Lanka,Matheesha Pathirana,10,Bowler,Right hand Bat,Right arm Fast,"https://img1.hscicdn.com/image/upload/f_auto,t_ds_square_w_640,q_50/lsci/db/PICTURES/CMS/355400/355402.png"
Sri Lanka,Maheesh Theekshana,9,Bowler,Right hand Bat,Right arm Offbreak,"https://img1.hscicdn.com/image/upload/f_auto,t_ds_square_w_640,q_50/lsci/db/PICTURES/CMS/347800/347825.png"
Sri Lanka,Nuwan Thushara,11,Bowler,Right hand Bat,Right arm Medium fast,"https://img1.hscicdn.com/image/upload/f_auto,t_ds_square_w_640,q_50/lsci/db/PICTURES/CMS/343400/343442.gif"
Sri Lanka,Dunith Wellalage,8,Bowler,Left hand Bat,Slow Left arm Orthodox,"https://img1.hscicdn.com/image/upload/f_auto,t_ds_square_w_640,q_50/lsci/db/PICTURES/CMS/380400/380446.png"
Uganda,Fred Achelam,9,Wicketkeeper Batter,Right hand Bat,34y 350d,"https://img1.hscicdn.com/image/upload/f_auto,t_h_100_2x/lsci/db/PICTURES/CMS/275800/275806.1.jpg"
Uganda,Roger Mukasa,4,Batter,Right hand Bat,Right arm Offbreak,"https://img1.hscicdn.com/image/upload/f_auto,t_h_100_2x/lsci/db/PICTURES/CMS/172900/172923.1.jpg"
Uganda,Robinson Obuya,3,Batter,Right hand Bat,35y 262d,"https://img1.hscicdn.com/image/upload/f_auto,t_h_100_2x/lsci/db/PICTURES/CMS/381600/381674.3.jpg"
Uganda,Ronak Patel,1,Batter,Right hand Bat,Slow Left arm Orthodox,"https://img1.hscicdn.com/image/upload/f_auto,t_h_100_2x/lsci/db/PICTURES/CMS/381600/381676.4.jpg"
Uganda,Simon Ssesazi,2,Wicketkeeper Batter,Left hand Bat,Right arm Slow,"https://img1.hscicdn.com/image/upload/f_auto,t_h_100_2x/lsci/db/PICTURES/CMS/275800/275805.1.jpg"
Uganda,Riazat Ali Shah,6,Batting Allrounder,Right hand Bat,Right arm Medium,"https://img1.hscicdn.com/image/upload/f_auto,t_h_100_2x/lsci/db/PICTURES/CMS/275800/275801.1.jpg"
Uganda,Dinesh Nakrani,7,Allrounder,Left hand Bat,Left arm Medium,"https://img1.hscicdn.com/image/upload/f_auto,t_h_100_2x/lsci/db/PICTURES/CMS/381600/381663.1.jpg"
Uganda,Frank Nsubuga,7,Allrounder,Right hand Bat,Right arm Offbreak,"https://img1.hscicdn.com/image/upload/f_auto,t_h_100_2x/lsci/db/PICTURES/CMS/172900/172987.1.jpg"
Uganda,Alpesh Ramjani,4,Allrounder,Left hand Bat,Slow Left arm Orthodox,"https://img1.hscicdn.com/image/upload/f_auto,t_h_100_2x/lsci/db/PICTURES/CMS/381600/381667.6.png"
Uganda,Kenneth Waiswa,5,Allrounder,Right hand Bat,Right arm Medium,"https://img1.hscicdn.com/image/upload/f_auto,t_h_100_2x/lsci/db/PICTURES/CMS/275800/275803.1.jpg"
Uganda,Brian Masaba,8,Bowler,Right hand Bat,Right arm Fast medium,"https://img1.hscicdn.com/image/upload/f_auto,t_h_100_2x/lsci/db/PICTURES/CMS/172900/172913.1.jpg"
Uganda,Bilal Hassan,8,Bowler,Right hand Bat,Right arm Medium fast,"https://img1.hscicdn.com/image/upload/f_auto,t_h_100_2x/lsci/db/PICTURES/CMS/275800/275802.1.jpg"
Uganda,Cosmas Kyewuta,11,Bowler,Right hand Bat,Right arm Medium,"https://img1.hscicdn.com/image/upload/f_auto,t_h_100_2x/lsci/db/PICTURES/CMS/381600/381673.4.jpg"
Uganda,Juma Miyagi,10,Bowler,Right hand Bat,Right arm Medium fast,"https://img1.hscicdn.com/image/upload/f_auto,t_h_100_2x/lsci/db/PICTURES/CMS/381600/381675.5.jpg"
Uganda,Henry Ssenyondo,11,Bowler,Right hand Bat,Slow Left arm Orthodox,"https://img1.hscicdn.com/image/upload/f_auto,t_h_100_2x/lsci/db/PICTURES/CMS/172900/172921.1.jpg"
United States of America,Monank Patel,1,Wicketkeeper Batter,Right hand Bat,29y 197d,"https://img1.hscicdn.com/image/upload/f_auto,t_ds_square_w_640,q_50/lsci/db/PICTURES/CMS/383200/383210.png"
United States of America,Aaron Jones,4,Top order Batter,Right hand Bat,Legbreak Googly,"https://img1.hscicdn.com/image/upload/f_auto,t_ds_square_w_640,q_50/lsci/db/PICTURES/CMS/382800/382835.png"
United States of America,Andries Gous,2,Wicketkeeper Batter,Right hand Bat,29y 348d,"https://img1.hscicdn.com/image/upload/f_auto,t_ds_square_w_640,q_50/lsci/db/PICTURES/CMS/382800/382832.png"
United States of America,Nitish Kumar,3,Top order Batter,Right hand Bat,Right arm Offbreak,"https://img1.hscicdn.com/image/upload/f_auto,t_ds_square_w_640,q_50/lsci/db/PICTURES/CMS/383200/383209.png"
United States of America,Shayan Jahangir,6,Batter,Right hand Bat,Right arm Medium fast,"https://img1.hscicdn.com/image/upload/f_auto,t_ds_square_w_640,q_50/lsci/db/PICTURES/CMS/382800/382831.png"
United States of America,Steven Taylor,1,Opening Batter,Left hand Bat,Right arm Offbreak,"https://img1.hscicdn.com/image/upload/f_auto,t_ds_square_w_640,q_50/lsci/db/PICTURES/CMS/382800/382833.png"
United States of America,Corey Anderson,5,Batting Allrounder,Left hand Bat,Left arm Medium fast,"https://img1.hscicdn.com/image/upload/f_auto,t_ds_square_w_640,q_50/lsci/db/PICTURES/CMS/383200/383214.png"
United States of America,Harmeet Singh,7,Bowling Allrounder,Left hand Bat,Slow Left arm Orthodox,"https://img1.hscicdn.com/image/upload/f_auto,t_ds_square_w_640,q_50/lsci/db/PICTURES/CMS/382800/382830.png"
United States of America,Milind Kumar,7,Allrounder,Right hand Bat,Right arm Offbreak,"https://img1.hscicdn.com/image/upload/f_auto,t_ds_square_w_640,q_50/lsci/db/PICTURES/CMS/383200/383211.png"
United States of America,Nisarg Patel,8,Allrounder,Right hand Bat,Slow Left arm Orthodox,"https://img1.hscicdn.com/image/upload/f_auto,t_ds_square_w_640,q_50/lsci/db/PICTURES/CMS/383200/383216.png"
United States of America,Shadley van Schalkwyk,7,Allrounder,Left hand Bat,Right arm Medium,"https://img1.hscicdn.com/image/upload/f_auto,t_ds_square_w_640,q_50/lsci/db/PICTURES/CMS/382800/382834.png"
United States of America,Ali Khan,10,Bowler,Right hand Bat,Right arm Fast medium,"https://img1.hscicdn.com/image/upload/f_auto,t_ds_square_w_640,q_50/lsci/db/PICTURES/CMS/383200/383217.png"
United States of America,Jasdeep Singh,8,Bowler,Right hand Bat,Right arm Medium,"https://img1.hscicdn.com/image/upload/f_auto,t_ds_square_w_640,q_50/lsci/db/PICTURES/CMS/383200/383212.png"
United States of America,Nosthush Kenjige,9,Bowler,Right hand Bat,Slow Left arm Orthodox,"https://img1.hscicdn.com/image/upload/f_auto,t_ds_square_w_640,q_50/lsci/db/PICTURES/CMS/383200/383218.png"
United States of America,Saurabh Netravalkar,11,Bowler,Right hand Bat,Left arm Fast medium,"https://img1.hscicdn.com/image/upload/f_auto,t_ds_square_w_640,q_50/lsci/db/PICTURES/CMS/383200/383213.png"
West Indies,Rovman Powell,5,Middle order Batter,Right hand Bat,Right arm Medium fast,"https://img1.hscicdn.com/image/upload/f_auto,t_ds_square_w_640,q_50/lsci/db/PICTURES/CMS/322100/322172.png"
West Indies,Johnson Charles,2,Wicketkeeper Batter,Right hand Bat,27y 129d,"https://img1.hscicdn.com/image/upload/f_auto,t_ds_square_w_640,q_50/lsci/db/PICTURES/CMS/322000/322008.png"
West Indies,Shimron Hetmyer,4,Top order Batter,Left hand Bat,30y 175d,"https://img1.hscicdn.com/image/upload/f_auto,t_ds_square_w_640,q_50/lsci/db/PICTURES/CMS/320100/320116.png"
West Indies,Shai Hope,3,Wicketkeeper Batter,Right hand Bat,28y 214d,"https://img1.hscicdn.com/image/upload/f_auto,t_ds_square_w_640,q_50/lsci/db/PICTURES/CMS/320100/320122.png"
West Indies,Nicholas Pooran,4,Wicketkeeper Batter,Left hand Bat,Right arm Offbreak,"https://img1.hscicdn.com/image/upload/f_auto,t_ds_square_w_640,q_50/lsci/db/PICTURES/CMS/320100/320109.png"
West Indies,Sherfane Rutherford,6,Middle order Batter,Left hand Bat,Right arm Fast medium,"https://img1.hscicdn.com/image/upload/f_auto,t_ds_square_w_640,q_50/lsci/db/PICTURES/CMS/322100/322173.png"
West Indies,Brandon King,1,Top order Batter,Right hand Bat,32y 42d,"https://img1.hscicdn.com/image/upload/f_auto,t_ds_square_w_640,q_50/lsci/db/PICTURES/CMS/321900/321983.png"
West Indies,Roston Chase,3,Allrounder,Right hand Bat,Right arm Offbreak,"https://img1.hscicdn.com/image/upload/f_auto,t_ds_square_w_640,q_50/lsci/db/PICTURES/CMS/322000/322039.png"
West Indies,Kyle Mayers,1,Batting Allrounder,Left hand Bat,Right arm Medium,"https://img1.hscicdn.com/image/upload/f_auto,t_ds_square_w_640,q_50/lsci/db/PICTURES/CMS/322000/322024.png"
West Indies,Andre Russell,7,Allrounder,Right hand Bat,Right arm Fast,"https://img1.hscicdn.com/image/upload/f_auto,t_ds_square_w_640,q_50/lsci/db/PICTURES/CMS/316600/316615.png"
West Indies,Romario Shepherd,8,Bowling Allrounder,Right hand Bat,Right arm Fast medium,"https://img1.hscicdn.com/image/upload/f_auto,t_ds_square_w_640,q_50/lsci/db/PICTURES/CMS/322000/322037.png"
West Indies,Jason Holder,8,Bowling Allrounder,Right hand Bat,Right arm Medium fast,"https://img1.hscicdn.com/image/upload/f_auto,t_ds_square_w_640,q_50/lsci/db/PICTURES/CMS/316600/316673.png"
West Indies,Alzarri Joseph,9,Bowler,Right hand Bat,Right arm Fast,"https://img1.hscicdn.com/image/upload/f_auto,t_ds_square_w_640,q_50/lsci/db/PICTURES/CMS/321900/321943.png"
West Indies,Akeal Hosein,10,Bowler,Left hand Bat,Slow Left arm Orthodox,"https://img1.hscicdn.com/image/upload/f_auto,t_ds_square_w_640,q_50/lsci/db/PICTURES/CMS/321900/321939.png"
West Indies,Shamar Joseph,11,Bowler,Left hand Bat,Right arm Fast,"https://img1.hscicdn.com/image/upload/f_auto,t_h_100_2x/lsci/db/PICTURES/CMS/373700/373784.1.png"
West Indies,Obed McCoy,11,Bowler,Left hand Bat,Left arm Fast medium,"https://img1.hscicdn.com/image/upload/f_auto,t_ds_square_w_640,q_50/lsci/db/PICTURES/CMS/322000/322031.png"
West Indies,Gudakesh Motie,10,Bowler,Left hand Bat,Slow Left arm Orthodox,"https://img1.hscicdn.com/image/upload/f_auto,t_ds_square_w_640,q_50/lsci/db/PICTURES/CMS/326100/326127.png"
